#TRUNCATE `categories`;
#TRUNCATE `categories_description`;
#TRUNCATE `manufacturers`;
#TRUNCATE `manufacturers_info`;
#TRUNCATE `products`;
#TRUNCATE `products_attributes`;
#TRUNCATE `products_description`;
#TRUNCATE `products_images`;
#TRUNCATE `products_options`;
#TRUNCATE `products_options_values`;
#TRUNCATE `products_options_values_to_products_options`;
#TRUNCATE `products_to_categories`;
#TRUNCATE `reviews`;
#TRUNCATE `specials`;

INSERT INTO `categories` (`categories_id`, `categories_image`, `parent_id`, `sort_order`, `date_added`) VALUES
(1, NULL, 0, 2, now()),
(2, NULL, 0, 1, now()),
(3, NULL, 0, 4, now()),
(4, 'minimalist.jpg', 2, 0, now()),
(5, NULL, 1, 0, now()),
(6, 'carefree.jpg', 2, 0, now()),
(7, NULL, 1, 0, now()),
(8, 'beachy.jpg', 2, 0, now()),
(9, NULL, 1, 0, now()),
(10, NULL, 4, 0, now()),
(11, NULL, 4, 0, now()),
(12, NULL, 6, 0, now()),
(13, NULL, 6, 0, now()),
(14, NULL, 8, 0, now()),
(15, NULL, 8, 0, now()),
(16, NULL, 8, 0, now()),
(17, 'timeless.jpg', 2, 0, now()),
(30, NULL, 3, 0, now()),
(31, NULL, 3, 0, now()),
(32, NULL, 3, 0, now()),
(33, NULL, 0, 3, now());

INSERT INTO `categories_description` (`categories_id`, `language_id`, `categories_name`) VALUES
(8, 1, 'Accessories'),
(9, 1, 'Accessories'),
(30, 1, 'Bags'),
(14, 1, 'Belts'),
(10, 1, 'Blouses & Shirts'),
(6, 1, 'Bottoms'),
(7, 1, 'Bottoms'),
(17, 1, 'Dresses'),
(31, 1, 'Fitness Equipment'),
(3, 1, 'Gear'),
(15, 1, 'Jewelry'),
(33, 1, 'Kids'),
(1, 1, 'Men'),
(12, 1, 'Pants & Shorts'),
(16, 1, 'Scarves'),
(13, 1, 'Skirts'),
(11, 1, 'Sweaters'),
(4, 1, 'Tops'),
(5, 1, 'Tops'),
(32, 1, 'Watches'),
(2, 1, 'Women');

INSERT INTO `manufacturers` (`manufacturers_id`, `manufacturers_name`, `manufacturers_image`, `date_added`) VALUES
(1, 'Rendell', 'rendell.png', now()),
(2, 'JCrew', 'jcrew.png', now()),
(3, 'Lulus', 'lulus.png', now()),
(4, 'Pandora', 'pandora.png', now()),
(5, 'Nova', 'nova.png', now()),
(6, 'American Apparel', 'american-apparel.png', now()),
(7, 'Versace', 'versace.png', now());

INSERT INTO `manufacturers_info` (`manufacturers_id`, `languages_id`, `manufacturers_url`) VALUES
(1, 1, ''),
(2, 1, ''),
(3, 1, ''),
(4, 1, ''),
(5, 1, ''),
(6, 1, ''),
(7, 1, '');

INSERT INTO `products` (`products_id`, `products_quantity`, `products_model`, `products_image`, `products_price`, `products_date_added`, `products_weight`, `products_status`, `products_tax_class_id`, `manufacturers_id`) VALUES
(3, 999, 'VA22', 'va22-si_main.jpg', '98.0000', now(), '1.00', 1, 1, 4),
(4, 999, 'VA21', 'va21-gbt_main.jpg', '118.0000', now(), '1.00', 1, 1, 4),
(5, 999, 'VA20', 'va20-gb_main.jpg', '101.0000', now(), '1.00', 1, 1, 4),
(6, 999, 'VA19', 'va19-go_main.jpg', '98.0000', now(), '1.00', 1, 1, 4),
(7, 999, 'VA18', 'va18-go_main.jpg', '68.0000', now(), '1.00', 1, 1, 4),
(8, 999, 'VA17', 'va17-si_main.jpg', '61.0000', now(), '1.00', 1, 1, 4),
(9, 999, 'VA16', 'va16-go_main.jpg', '49.0000', now(), '1.00', 1, 1, 4),
(10, 999, 'VA15', 'va15-si_main.jpg', '48.0000', now(), '1.00', 1, 1, 4),
(11, 999, 'VA14', 'va14-ts_main.jpg', '98.0000', now(), '1.00', 1, 1, 4),
(12, 999, 'VA13', 'va13-sg_main.jpg', '98.0000', now(), '1.00', 1, 1, 4),
(13, 999, 'VA12', 'va12-ts_main.jpg', '78.0000', now(), '1.00', 1, 1, 4),
(14, 999, 'VA11', 'va11-sg_main.jpg', '58.0000', now(), '1.00', 1, 1, 4),
(33, 999, 'VT12', 'vt12-kh_main.jpg', '58.0000', now(), '1.00', 1, 1, 3),
(34, 999, 'VT11', 'vt11-ll_main.jpg', '61.0000', now(), '1.00', 1, 1, 3),
(35, 999, 'VT10', 'vt10-ly_main.jpg', '99.0000', now(), '1.00', 1, 1, 3),
(36, 999, 'VT09', 'vt09-ll_main.jpg', '79.0000', now(), '1.00', 1, 1, 5),
(37, 999, 'VT08', 'vt08-mt_main.jpg', '98.0000', now(), '1.00', 1, 1, 3),
(38, 999, 'VT07', 'vt07-rn_main.jpg', '59.0000', now(), '1.00', 1, 1, 3),
(39, 999, 'VT06', 'vt06-mt_main.jpg', '88.0000', now(), '1.00', 1, 1, 3),
(40, 999, 'VT05', 'vt05-pe_main.jpg', '108.0000', now(), '1.00', 1, 1, 5),
(41, 999, 'VT04', 'vt04-mt_main.jpg', '88.0000', now(), '1.00', 1, 1, 3),
(42, 999, 'VT03', 'vt03-rn_main.jpg', '98.0000', now(), '1.00', 1, 1, 3),
(43, 999, 'VT02', 'vt02-rn_main.jpg', '69.0000', now(), '1.00', 1, 1, 5),
(44, 999, 'VT01', 'vt01-kh_main.jpg', '87.0000', now(), '1.00', 1, 1, 3),
(45, 999, 'VSW12', 'vsw12-pe_main.jpg', '98.0000', now(), '1.00', 1, 1, NULL),
(47, 999, 'VSW10', 'vsw10-ly_main.jpg', '108.0000', now(), '1.00', 1, 1, NULL),
(48, 999, 'VSW09', 'vsw09-rn_main.jpg', '98.0000', now(), '1.00', 1, 1, NULL),
(49, 999, 'VSW08', 'vsw08-ll_main.jpg', '79.0000', now(), '1.00', 1, 1, NULL),
(50, 999, 'VSW07', 'vsw07-mt_main.jpg', '118.0000', now(), '1.00', 1, 1, NULL),
(51, 999, 'VSW06', 'vsw06-rn_main.jpg', '101.0000', now(), '1.00', 1, 1, NULL),
(52, 999, 'VSW05', 'vsw05-kh_main.jpg', '98.0000', now(), '1.00', 1, 1, NULL),
(53, 999, 'VSW04', 'vsw04-pe_main.jpg', '98.0000', now(), '1.00', 1, 1, NULL),
(54, 999, 'VSW03', 'vsw03-kh_main.jpg', '83.0000', now(), '1.00', 1, 1, NULL),
(55, 999, 'VSW02', 'vsw02-pe_main.jpg', '66.0000', now(), '1.00', 1, 1, NULL),
(56, 999, 'VSW01', 'vsw01-rn_main.jpg', '78.0000', now(), '1.00', 1, 1, NULL),
(57, 999, 'VSK12', 'vsk12-la_main.jpg', '118.0000', now(), '1.00', 1, 1, NULL),
(58, 999, 'VSK11', 'vsk11-ly_main.jpg', '97.0000', now(), '1.00', 1, 1, NULL),
(59, 999, 'VSK10', 'vsk10-pe_main.jpg', '101.0000', now(), '1.00', 1, 1, NULL),
(60, 999, 'VSK09', 'vsk09-rn_main.jpg', '88.0000', now(), '1.00', 1, 1, NULL),
(61, 999, 'VSK08', 'vsk08-ly_main.jpg', '98.0000', now(), '1.00', 1, 1, NULL),
(62, 999, 'VSK07', 'vsk07-rn_main.jpg', '108.0000', now(), '1.00', 1, 1, NULL),
(63, 999, 'VSK06', 'vsk06-la_main.jpg', '88.0000', now(), '1.00', 1, 1, NULL),
(64, 999, 'VSK05', 'vsk05-pe_main.jpg', '78.0000', now(), '1.00', 1, 1, NULL),
(65, 999, 'VSK04', 'vsk04-kh_main.jpg', '98.0000', now(), '1.00', 1, 1, NULL),
(66, 999, 'VSK03', 'vsk03-pe_main.jpg', '76.0000', now(), '1.00', 1, 1, NULL),
(67, 999, 'VSK02', 'vsk02-ll_main.jpg', '78.0000', now(), '1.00', 1, 1, NULL),
(68, 999, 'VSK01', 'vsk01-la_main.jpg', '78.0000', now(), '1.00', 1, 1, NULL),
(69, 999, 'VP12', 'vp12-la_main.jpg', '95.0000', now(), '1.00', 1, 1, NULL),
(70, 999, 'VP11', 'vp11-pe_main.jpg', '108.0000', now(), '1.00', 1, 1, NULL),
(71, 999, 'VP10', 'vp10-la_main.jpg', '98.0000', now(), '1.00', 1, 1, NULL),
(72, 999, 'VP09', 'vp09-pe_main.jpg', '75.0000', now(), '1.00', 1, 1, NULL),
(73, 999, 'VP08', 'vp08-rn_main.jpg', '98.0000', now(), '1.00', 1, 1, NULL),
(74, 999, 'VP07', 'vp07-ll_main.jpg', '88.0000', now(), '1.00', 1, 1, NULL),
(75, 999, 'VP06', 'vp06-ly_main.jpg', '98.0000', now(), '1.00', 1, 1, NULL),
(76, 999, 'VP05', 'vp05-rn_main.jpg', '78.0000', now(), '1.00', 1, 1, NULL),
(77, 999, 'VP04', 'vp04-ll_main.jpg', '98.0000', now(), '1.00', 1, 1, NULL),
(78, 999, 'VP03', 'vp03-pe_main.jpg', '88.0000', now(), '1.00', 1, 1, NULL),
(79, 999, 'VP02', 'vp02-pe_main.jpg', '88.0000', now(), '1.00', 1, 1, NULL),
(80, 999, 'VP01', 'vp01-ll_main.jpg', '101.0000', now(), '1.00', 1, 1, NULL),
(81, 999, 'VD12', 'vd12-rn_main.jpg', '108.0000', now(), '1.00', 1, 1, 3),
(82, 999, 'VD11', 'vd11-ly_main.jpg', '128.0000', now(), '1.00', 1, 1, 5),
(83, 999, 'VD10', 'vd10-ly_main.jpg', '98.0000', now(), '1.00', 1, 1, 5),
(84, 999, 'VD09', 'vd09-pe_main.jpg', '78.0000', now(), '1.00', 1, 1, 5),
(85, 999, 'VD08', 'vd08-ll_main.jpg', '78.0000', now(), '1.00', 1, 1, 3),
(86, 999, 'VD07', 'vd07-pe_main.jpg', '108.0000', now(), '1.00', 1, 1, 3),
(87, 999, 'VD06', 'vd06-mt_main.jpg', '148.0000', now(), '1.00', 1, 1, 3),
(88, 999, 'VD05', 'vd05-ly_main.jpg', '88.0000', now(), '1.00', 1, 1, 3),
(89, 999, 'VD04', 'vd04-pe_main.jpg', '128.0000', now(), '1.00', 1, 1, 3),
(90, 999, 'VD03', 'vd03-mt_main.jpg', '78.0000', now(), '1.00', 1, 1, 3),
(91, 999, 'VD02', 'vd02-ll_main.jpg', '108.0000', now(), '1.00', 1, 1, 3),
(92, 999, 'VD01', 'vd01-ll_main.jpg', '98.0000', now(), '1.00', 1, 1, 3),
(93, 999, 'VA10', 'va10-ct_main.jpg', '48.0000', now(), '1.00', 1, 1, NULL),
(97, 999, 'VA06', 'va06-ly_main.jpg', '59.0000', now(), '1.00', 1, 1, 0),
(98, 999, 'VA05', 'va05-ll_main.jpg', '59.0000', now(), '1.00', 1, 1, 0),
(99, 999, 'VA04', 'va04-ll_main.jpg', '49.0000', now(), '1.00', 1, 1, 0),
(100, 999, 'VA03', 'va03-ly_main.jpg', '48.0000', now(), '1.00', 1, 1, 0),
(101, 999, 'VA02', 'va02-pe_main.jpg', '48.0000', now(), '1.00', 1, 1, 0),
(102, 999, 'VA01', 'va01-pe_main.jpg', '48.0000', now(), '1.00', 1, 1, 0),
(103, 999, 'VSW11', 'vsw11-pe_main.jpg', '78.0000', now(), '1.00', 1, 1, 0),
(104, 999, 'VA07', 'va07-bc_main.jpg', '43.0000', now(), '1.00', 1, 1, 0),
(105, 999, 'VA08', 'va08-br_main.jpg', '49.0000', now(), '1.00', 1, 1, 0),
(106, 999, 'VA09', 'va09-br_main.jpg', '39.0000', now(), '1.00', 1, 1, 0);

INSERT INTO `products_attributes` (`products_attributes_id`, `products_id`, `options_id`, `options_values_id`, `options_values_price`, `price_prefix`) VALUES
(1, 64, 1, 1, '0.0000', '+'),
(2, 64, 1, 2, '0.0000', '+'),
(3, 64, 1, 3, '0.0000', '+'),
(4, 64, 1, 4, '0.0000', '+'),
(5, 64, 2, 15, '0.0000', '+'),
(6, 64, 2, 14, '0.0000', '+'),
(7, 64, 2, 13, '0.0000', '+'),
(8, 64, 2, 12, '0.0000', '+'),
(9, 33, 1, 2, '0.0000', '+'),
(10, 33, 1, 3, '0.0000', '+'),
(11, 33, 1, 1, '0.0000', '+'),
(12, 33, 1, 4, '0.0000', '+'),
(13, 33, 2, 15, '0.0000', '+'),
(14, 33, 2, 14, '0.0000', '+'),
(15, 33, 2, 13, '0.0000', '+'),
(16, 33, 2, 12, '0.0000', '+'),
(17, 34, 1, 3, '0.0000', '+'),
(18, 34, 1, 6, '0.0000', '+'),
(19, 34, 1, 5, '0.0000', '+'),
(20, 34, 1, 4, '0.0000', '+'),
(21, 34, 2, 15, '0.0000', '+'),
(22, 34, 2, 14, '0.0000', '+'),
(23, 34, 2, 13, '0.0000', '+'),
(24, 34, 2, 12, '0.0000', '+'),
(25, 35, 1, 2, '0.0000', '+'),
(26, 35, 1, 7, '0.0000', '+'),
(27, 35, 1, 6, '0.0000', '+'),
(28, 35, 1, 1, '0.0000', '+'),
(29, 35, 2, 15, '0.0000', '+'),
(30, 35, 2, 14, '0.0000', '+'),
(31, 35, 2, 13, '0.0000', '+'),
(32, 35, 2, 12, '0.0000', '+'),
(33, 36, 1, 2, '0.0000', '+'),
(34, 36, 1, 3, '0.0000', '+'),
(35, 36, 1, 1, '0.0000', '+'),
(36, 36, 1, 4, '0.0000', '+'),
(37, 36, 2, 15, '0.0000', '+'),
(38, 36, 2, 14, '0.0000', '+'),
(39, 36, 2, 13, '0.0000', '+'),
(40, 36, 2, 12, '0.0000', '+'),
(41, 37, 1, 7, '0.0000', '+'),
(42, 37, 1, 3, '0.0000', '+'),
(43, 37, 1, 5, '0.0000', '+'),
(44, 37, 1, 4, '0.0000', '+'),
(45, 37, 2, 15, '0.0000', '+'),
(46, 37, 2, 14, '0.0000', '+'),
(47, 37, 2, 13, '0.0000', '+'),
(48, 37, 2, 12, '0.0000', '+'),
(49, 38, 1, 2, '0.0000', '+'),
(50, 38, 1, 3, '0.0000', '+'),
(51, 38, 1, 1, '0.0000', '+'),
(52, 38, 1, 4, '0.0000', '+'),
(53, 38, 2, 15, '0.0000', '+'),
(54, 38, 2, 14, '0.0000', '+'),
(55, 38, 2, 13, '0.0000', '+'),
(56, 38, 2, 12, '0.0000', '+'),
(57, 39, 1, 3, '0.0000', '+'),
(58, 39, 1, 6, '0.0000', '+'),
(59, 39, 1, 5, '0.0000', '+'),
(60, 39, 1, 4, '0.0000', '+'),
(61, 39, 2, 15, '0.0000', '+'),
(62, 39, 2, 14, '0.0000', '+'),
(63, 39, 2, 13, '0.0000', '+'),
(64, 39, 2, 12, '0.0000', '+'),
(65, 40, 1, 1, '0.0000', '+'),
(66, 40, 1, 6, '0.0000', '+'),
(67, 40, 1, 5, '0.0000', '+'),
(68, 40, 1, 4, '0.0000', '+'),
(69, 40, 2, 15, '0.0000', '+'),
(70, 40, 2, 14, '0.0000', '+'),
(71, 40, 2, 13, '0.0000', '+'),
(72, 40, 2, 12, '0.0000', '+'),
(73, 41, 1, 7, '0.0000', '+'),
(74, 41, 1, 3, '0.0000', '+'),
(75, 41, 1, 5, '0.0000', '+'),
(76, 41, 1, 4, '0.0000', '+'),
(77, 41, 2, 15, '0.0000', '+'),
(78, 41, 2, 14, '0.0000', '+'),
(79, 41, 2, 13, '0.0000', '+'),
(80, 41, 2, 12, '0.0000', '+'),
(81, 42, 1, 3, '0.0000', '+'),
(82, 42, 1, 6, '0.0000', '+'),
(83, 42, 1, 5, '0.0000', '+'),
(84, 42, 1, 4, '0.0000', '+'),
(85, 42, 2, 15, '0.0000', '+'),
(86, 42, 2, 14, '0.0000', '+'),
(87, 42, 2, 13, '0.0000', '+'),
(88, 42, 2, 12, '0.0000', '+'),
(89, 43, 1, 2, '0.0000', '+'),
(90, 43, 1, 3, '0.0000', '+'),
(91, 43, 1, 1, '0.0000', '+'),
(92, 43, 1, 4, '0.0000', '+'),
(93, 43, 2, 15, '0.0000', '+'),
(94, 43, 2, 14, '0.0000', '+'),
(95, 43, 2, 13, '0.0000', '+'),
(96, 43, 2, 12, '0.0000', '+'),
(97, 44, 1, 2, '0.0000', '+'),
(98, 44, 1, 3, '0.0000', '+'),
(99, 44, 1, 1, '0.0000', '+'),
(100, 44, 1, 4, '0.0000', '+'),
(101, 44, 2, 15, '0.0000', '+'),
(102, 44, 2, 14, '0.0000', '+'),
(103, 44, 2, 13, '0.0000', '+'),
(104, 44, 2, 12, '0.0000', '+'),
(105, 45, 1, 2, '0.0000', '+'),
(106, 45, 1, 3, '0.0000', '+'),
(107, 45, 1, 1, '0.0000', '+'),
(108, 45, 1, 4, '0.0000', '+'),
(109, 45, 2, 15, '0.0000', '+'),
(110, 45, 2, 14, '0.0000', '+'),
(111, 45, 2, 13, '0.0000', '+'),
(112, 45, 2, 12, '0.0000', '+'),
(113, 47, 1, 3, '0.0000', '+'),
(114, 47, 1, 6, '0.0000', '+'),
(115, 47, 1, 5, '0.0000', '+'),
(116, 47, 1, 4, '0.0000', '+'),
(117, 47, 2, 15, '0.0000', '+'),
(118, 47, 2, 14, '0.0000', '+'),
(119, 47, 2, 13, '0.0000', '+'),
(120, 47, 2, 12, '0.0000', '+'),
(121, 48, 1, 2, '0.0000', '+'),
(122, 48, 1, 3, '0.0000', '+'),
(123, 48, 1, 5, '0.0000', '+'),
(124, 48, 1, 4, '0.0000', '+'),
(125, 48, 2, 15, '0.0000', '+'),
(126, 48, 2, 14, '0.0000', '+'),
(127, 48, 2, 13, '0.0000', '+'),
(128, 48, 2, 12, '0.0000', '+'),
(129, 49, 1, 2, '0.0000', '+'),
(130, 49, 1, 3, '0.0000', '+'),
(131, 49, 1, 5, '0.0000', '+'),
(132, 49, 1, 4, '0.0000', '+'),
(133, 49, 2, 15, '0.0000', '+'),
(134, 49, 2, 14, '0.0000', '+'),
(135, 49, 2, 13, '0.0000', '+'),
(136, 49, 2, 12, '0.0000', '+'),
(137, 50, 1, 7, '0.0000', '+'),
(138, 50, 1, 3, '0.0000', '+'),
(139, 50, 1, 5, '0.0000', '+'),
(140, 50, 1, 4, '0.0000', '+'),
(141, 50, 2, 15, '0.0000', '+'),
(142, 50, 2, 14, '0.0000', '+'),
(143, 50, 2, 13, '0.0000', '+'),
(144, 50, 2, 12, '0.0000', '+'),
(145, 51, 1, 2, '0.0000', '+'),
(146, 51, 1, 3, '0.0000', '+'),
(147, 51, 1, 1, '0.0000', '+'),
(148, 51, 1, 4, '0.0000', '+'),
(149, 51, 2, 15, '0.0000', '+'),
(150, 51, 2, 14, '0.0000', '+'),
(151, 51, 2, 13, '0.0000', '+'),
(152, 51, 2, 12, '0.0000', '+'),
(153, 52, 1, 2, '0.0000', '+'),
(154, 52, 1, 6, '0.0000', '+'),
(155, 52, 1, 5, '0.0000', '+'),
(156, 52, 1, 4, '0.0000', '+'),
(157, 52, 2, 15, '0.0000', '+'),
(158, 52, 2, 14, '0.0000', '+'),
(159, 52, 2, 13, '0.0000', '+'),
(160, 52, 2, 12, '0.0000', '+'),
(161, 53, 1, 2, '0.0000', '+'),
(162, 53, 1, 3, '0.0000', '+'),
(163, 53, 1, 1, '0.0000', '+'),
(164, 53, 1, 4, '0.0000', '+'),
(165, 53, 2, 15, '0.0000', '+'),
(166, 53, 2, 14, '0.0000', '+'),
(167, 53, 2, 13, '0.0000', '+'),
(168, 53, 2, 12, '0.0000', '+'),
(169, 54, 1, 2, '0.0000', '+'),
(170, 54, 1, 3, '0.0000', '+'),
(171, 54, 1, 5, '0.0000', '+'),
(172, 54, 1, 4, '0.0000', '+'),
(173, 54, 2, 15, '0.0000', '+'),
(174, 54, 2, 14, '0.0000', '+'),
(175, 54, 2, 13, '0.0000', '+'),
(176, 54, 2, 12, '0.0000', '+'),
(177, 55, 1, 2, '0.0000', '+'),
(178, 55, 1, 3, '0.0000', '+'),
(179, 55, 1, 1, '0.0000', '+'),
(180, 55, 1, 4, '0.0000', '+'),
(181, 55, 2, 15, '0.0000', '+'),
(182, 55, 2, 14, '0.0000', '+'),
(183, 55, 2, 13, '0.0000', '+'),
(184, 55, 2, 12, '0.0000', '+'),
(185, 56, 1, 2, '0.0000', '+'),
(186, 56, 1, 3, '0.0000', '+'),
(187, 56, 1, 1, '0.0000', '+'),
(188, 56, 1, 4, '0.0000', '+'),
(189, 56, 2, 15, '0.0000', '+'),
(190, 56, 2, 14, '0.0000', '+'),
(191, 56, 2, 13, '0.0000', '+'),
(192, 56, 2, 12, '0.0000', '+'),
(193, 57, 1, 7, '0.0000', '+'),
(194, 57, 1, 3, '0.0000', '+'),
(195, 57, 1, 5, '0.0000', '+'),
(196, 57, 1, 4, '0.0000', '+'),
(197, 57, 2, 16, '0.0000', '+'),
(198, 57, 2, 17, '0.0000', '+'),
(199, 57, 2, 18, '0.0000', '+'),
(200, 57, 2, 19, '0.0000', '+'),
(201, 57, 2, 20, '0.0000', '+'),
(202, 58, 1, 3, '0.0000', '+'),
(203, 58, 1, 6, '0.0000', '+'),
(204, 58, 1, 5, '0.0000', '+'),
(205, 58, 1, 4, '0.0000', '+'),
(206, 58, 2, 15, '0.0000', '+'),
(207, 58, 2, 14, '0.0000', '+'),
(208, 58, 2, 13, '0.0000', '+'),
(209, 58, 2, 12, '0.0000', '+'),
(210, 59, 1, 2, '0.0000', '+'),
(211, 59, 1, 3, '0.0000', '+'),
(212, 59, 1, 1, '0.0000', '+'),
(213, 59, 1, 4, '0.0000', '+'),
(214, 59, 2, 15, '0.0000', '+'),
(215, 59, 2, 14, '0.0000', '+'),
(216, 59, 2, 13, '0.0000', '+'),
(217, 59, 2, 12, '0.0000', '+'),
(218, 60, 1, 2, '0.0000', '+'),
(219, 60, 1, 3, '0.0000', '+'),
(220, 60, 1, 1, '0.0000', '+'),
(221, 60, 1, 4, '0.0000', '+'),
(222, 60, 2, 15, '0.0000', '+'),
(223, 60, 2, 14, '0.0000', '+'),
(224, 60, 2, 13, '0.0000', '+'),
(225, 60, 2, 12, '0.0000', '+'),
(226, 61, 1, 7, '0.0000', '+'),
(227, 61, 1, 6, '0.0000', '+'),
(228, 61, 1, 5, '0.0000', '+'),
(229, 61, 1, 1, '0.0000', '+'),
(230, 61, 2, 15, '0.0000', '+'),
(231, 61, 2, 14, '0.0000', '+'),
(232, 61, 2, 13, '0.0000', '+'),
(233, 61, 2, 12, '0.0000', '+'),
(234, 62, 1, 2, '0.0000', '+'),
(235, 62, 1, 3, '0.0000', '+'),
(236, 62, 1, 1, '0.0000', '+'),
(237, 62, 1, 4, '0.0000', '+'),
(238, 62, 2, 15, '0.0000', '+'),
(239, 62, 2, 14, '0.0000', '+'),
(240, 62, 2, 13, '0.0000', '+'),
(241, 62, 2, 12, '0.0000', '+'),
(242, 63, 1, 7, '0.0000', '+'),
(243, 63, 1, 6, '0.0000', '+'),
(244, 63, 1, 5, '0.0000', '+'),
(245, 63, 1, 4, '0.0000', '+'),
(246, 63, 2, 15, '0.0000', '+'),
(247, 63, 2, 14, '0.0000', '+'),
(248, 63, 2, 13, '0.0000', '+'),
(249, 63, 2, 12, '0.0000', '+'),
(258, 65, 1, 2, '0.0000', '+'),
(259, 65, 1, 3, '0.0000', '+'),
(260, 65, 1, 1, '0.0000', '+'),
(261, 65, 1, 4, '0.0000', '+'),
(262, 65, 2, 15, '0.0000', '+'),
(263, 65, 2, 14, '0.0000', '+'),
(264, 65, 2, 13, '0.0000', '+'),
(265, 65, 2, 12, '0.0000', '+'),
(266, 66, 1, 2, '0.0000', '+'),
(267, 66, 1, 3, '0.0000', '+'),
(268, 66, 1, 1, '0.0000', '+'),
(269, 66, 1, 4, '0.0000', '+'),
(270, 66, 2, 15, '0.0000', '+'),
(271, 66, 2, 14, '0.0000', '+'),
(272, 66, 2, 13, '0.0000', '+'),
(273, 66, 2, 12, '0.0000', '+'),
(274, 67, 1, 2, '0.0000', '+'),
(275, 67, 1, 3, '0.0000', '+'),
(276, 67, 1, 1, '0.0000', '+'),
(277, 67, 1, 4, '0.0000', '+'),
(278, 67, 2, 15, '0.0000', '+'),
(279, 67, 2, 14, '0.0000', '+'),
(280, 67, 2, 13, '0.0000', '+'),
(281, 67, 2, 12, '0.0000', '+'),
(282, 68, 1, 7, '0.0000', '+'),
(283, 68, 1, 3, '0.0000', '+'),
(284, 68, 1, 5, '0.0000', '+'),
(285, 68, 1, 4, '0.0000', '+'),
(286, 68, 2, 15, '0.0000', '+'),
(287, 68, 2, 14, '0.0000', '+'),
(288, 68, 2, 13, '0.0000', '+'),
(289, 68, 2, 12, '0.0000', '+'),
(290, 69, 1, 7, '0.0000', '+'),
(291, 69, 1, 3, '0.0000', '+'),
(292, 69, 1, 6, '0.0000', '+'),
(293, 69, 1, 4, '0.0000', '+'),
(294, 69, 2, 16, '0.0000', '+'),
(295, 69, 2, 17, '0.0000', '+'),
(296, 69, 2, 18, '0.0000', '+'),
(297, 69, 2, 19, '0.0000', '+'),
(298, 69, 2, 20, '0.0000', '+'),
(299, 70, 1, 2, '0.0000', '+'),
(300, 70, 1, 3, '0.0000', '+'),
(301, 70, 1, 1, '0.0000', '+'),
(302, 70, 1, 4, '0.0000', '+'),
(303, 70, 2, 15, '0.0000', '+'),
(304, 70, 2, 14, '0.0000', '+'),
(305, 70, 2, 13, '0.0000', '+'),
(306, 70, 2, 12, '0.0000', '+'),
(307, 71, 1, 7, '0.0000', '+'),
(308, 71, 1, 3, '0.0000', '+'),
(309, 71, 1, 5, '0.0000', '+'),
(310, 71, 1, 4, '0.0000', '+'),
(311, 71, 2, 15, '0.0000', '+'),
(312, 71, 2, 14, '0.0000', '+'),
(313, 71, 2, 13, '0.0000', '+'),
(314, 71, 2, 12, '0.0000', '+'),
(315, 72, 1, 2, '0.0000', '+'),
(316, 72, 1, 7, '0.0000', '+'),
(317, 72, 1, 3, '0.0000', '+'),
(318, 72, 1, 1, '0.0000', '+'),
(319, 72, 2, 15, '0.0000', '+'),
(320, 72, 2, 14, '0.0000', '+'),
(321, 72, 2, 13, '0.0000', '+'),
(322, 72, 2, 12, '0.0000', '+'),
(323, 73, 1, 7, '0.0000', '+'),
(324, 73, 1, 3, '0.0000', '+'),
(325, 73, 1, 5, '0.0000', '+'),
(326, 73, 1, 4, '0.0000', '+'),
(327, 73, 2, 16, '0.0000', '+'),
(328, 73, 2, 17, '0.0000', '+'),
(329, 73, 2, 18, '0.0000', '+'),
(330, 73, 2, 19, '0.0000', '+'),
(331, 73, 2, 20, '0.0000', '+'),
(332, 74, 1, 3, '0.0000', '+'),
(333, 74, 1, 6, '0.0000', '+'),
(334, 74, 1, 1, '0.0000', '+'),
(335, 74, 1, 4, '0.0000', '+'),
(336, 74, 2, 15, '0.0000', '+'),
(337, 74, 2, 14, '0.0000', '+'),
(338, 74, 2, 13, '0.0000', '+'),
(339, 74, 2, 12, '0.0000', '+'),
(340, 75, 1, 2, '0.0000', '+'),
(341, 75, 1, 7, '0.0000', '+'),
(342, 75, 1, 6, '0.0000', '+'),
(343, 75, 1, 1, '0.0000', '+'),
(344, 75, 2, 15, '0.0000', '+'),
(345, 75, 2, 14, '0.0000', '+'),
(346, 75, 2, 13, '0.0000', '+'),
(347, 75, 2, 12, '0.0000', '+'),
(348, 76, 1, 7, '0.0000', '+'),
(349, 76, 1, 6, '0.0000', '+'),
(350, 76, 1, 5, '0.0000', '+'),
(351, 76, 1, 4, '0.0000', '+'),
(352, 76, 2, 15, '0.0000', '+'),
(353, 76, 2, 14, '0.0000', '+'),
(354, 76, 2, 13, '0.0000', '+'),
(355, 76, 2, 12, '0.0000', '+'),
(356, 77, 1, 2, '0.0000', '+'),
(357, 77, 1, 3, '0.0000', '+'),
(358, 77, 1, 5, '0.0000', '+'),
(359, 77, 1, 4, '0.0000', '+'),
(360, 77, 2, 15, '0.0000', '+'),
(361, 77, 2, 14, '0.0000', '+'),
(362, 77, 2, 13, '0.0000', '+'),
(363, 77, 2, 12, '0.0000', '+'),
(364, 78, 1, 2, '0.0000', '+'),
(365, 78, 1, 3, '0.0000', '+'),
(366, 78, 1, 1, '0.0000', '+'),
(367, 78, 1, 4, '0.0000', '+'),
(368, 78, 2, 15, '0.0000', '+'),
(369, 78, 2, 14, '0.0000', '+'),
(370, 78, 2, 13, '0.0000', '+'),
(371, 78, 2, 12, '0.0000', '+'),
(372, 79, 1, 3, '0.0000', '+'),
(373, 79, 1, 5, '0.0000', '+'),
(374, 79, 1, 1, '0.0000', '+'),
(375, 79, 1, 4, '0.0000', '+'),
(376, 79, 2, 15, '0.0000', '+'),
(377, 79, 2, 14, '0.0000', '+'),
(378, 79, 2, 13, '0.0000', '+'),
(379, 79, 2, 12, '0.0000', '+'),
(380, 80, 1, 7, '0.0000', '+'),
(381, 80, 1, 3, '0.0000', '+'),
(382, 80, 1, 5, '0.0000', '+'),
(383, 80, 1, 4, '0.0000', '+'),
(384, 80, 2, 15, '0.0000', '+'),
(385, 80, 2, 14, '0.0000', '+'),
(386, 80, 2, 13, '0.0000', '+'),
(387, 80, 2, 12, '0.0000', '+'),
(388, 81, 1, 2, '0.0000', '+'),
(389, 81, 1, 7, '0.0000', '+'),
(390, 81, 1, 3, '0.0000', '+'),
(391, 81, 1, 4, '0.0000', '+'),
(392, 81, 2, 15, '0.0000', '+'),
(393, 81, 2, 14, '0.0000', '+'),
(394, 81, 2, 13, '0.0000', '+'),
(395, 81, 2, 12, '0.0000', '+'),
(396, 82, 1, 2, '0.0000', '+'),
(397, 82, 1, 7, '0.0000', '+'),
(398, 82, 1, 6, '0.0000', '+'),
(399, 82, 1, 1, '0.0000', '+'),
(400, 82, 2, 15, '0.0000', '+'),
(401, 82, 2, 14, '0.0000', '+'),
(402, 82, 2, 13, '0.0000', '+'),
(403, 82, 2, 12, '0.0000', '+'),
(404, 83, 1, 3, '0.0000', '+'),
(405, 83, 1, 6, '0.0000', '+'),
(406, 83, 1, 1, '0.0000', '+'),
(407, 83, 1, 4, '0.0000', '+'),
(408, 83, 2, 15, '0.0000', '+'),
(409, 83, 2, 14, '0.0000', '+'),
(410, 83, 2, 13, '0.0000', '+'),
(411, 83, 2, 12, '0.0000', '+'),
(412, 84, 1, 2, '0.0000', '+'),
(413, 84, 1, 3, '0.0000', '+'),
(414, 84, 1, 1, '0.0000', '+'),
(415, 84, 1, 4, '0.0000', '+'),
(416, 84, 2, 15, '0.0000', '+'),
(417, 84, 2, 14, '0.0000', '+'),
(418, 84, 2, 13, '0.0000', '+'),
(419, 84, 2, 12, '0.0000', '+'),
(420, 85, 1, 7, '0.0000', '+'),
(421, 85, 1, 3, '0.0000', '+'),
(422, 85, 1, 1, '0.0000', '+'),
(423, 85, 1, 4, '0.0000', '+'),
(424, 85, 2, 15, '0.0000', '+'),
(425, 85, 2, 14, '0.0000', '+'),
(426, 85, 2, 13, '0.0000', '+'),
(427, 85, 2, 12, '0.0000', '+'),
(428, 86, 1, 7, '0.0000', '+'),
(429, 86, 1, 6, '0.0000', '+'),
(430, 86, 1, 5, '0.0000', '+'),
(431, 86, 1, 1, '0.0000', '+'),
(432, 86, 2, 15, '0.0000', '+'),
(433, 86, 2, 14, '0.0000', '+'),
(434, 86, 2, 13, '0.0000', '+'),
(435, 86, 2, 12, '0.0000', '+'),
(436, 87, 1, 3, '0.0000', '+'),
(437, 87, 1, 5, '0.0000', '+'),
(438, 87, 1, 1, '0.0000', '+'),
(439, 87, 1, 4, '0.0000', '+'),
(440, 87, 2, 15, '0.0000', '+'),
(441, 87, 2, 14, '0.0000', '+'),
(442, 87, 2, 13, '0.0000', '+'),
(443, 87, 2, 12, '0.0000', '+'),
(444, 88, 1, 2, '0.0000', '+'),
(445, 88, 1, 6, '0.0000', '+'),
(446, 88, 1, 3, '0.0000', '+'),
(447, 88, 1, 5, '0.0000', '+'),
(448, 88, 2, 15, '0.0000', '+'),
(449, 88, 2, 14, '0.0000', '+'),
(450, 88, 2, 13, '0.0000', '+'),
(451, 88, 2, 12, '0.0000', '+'),
(452, 89, 1, 2, '0.0000', '+'),
(453, 89, 1, 5, '0.0000', '+'),
(454, 89, 1, 1, '0.0000', '+'),
(455, 89, 1, 4, '0.0000', '+'),
(456, 89, 2, 15, '0.0000', '+'),
(457, 89, 2, 14, '0.0000', '+'),
(458, 89, 2, 13, '0.0000', '+'),
(459, 89, 2, 12, '0.0000', '+'),
(460, 90, 1, 7, '0.0000', '+'),
(461, 90, 1, 3, '0.0000', '+'),
(462, 90, 1, 5, '0.0000', '+'),
(463, 90, 1, 4, '0.0000', '+'),
(464, 90, 2, 15, '0.0000', '+'),
(465, 90, 2, 14, '0.0000', '+'),
(466, 90, 2, 13, '0.0000', '+'),
(467, 90, 2, 12, '0.0000', '+'),
(468, 91, 1, 3, '0.0000', '+'),
(469, 91, 1, 6, '0.0000', '+'),
(470, 91, 1, 5, '0.0000', '+'),
(471, 91, 1, 1, '0.0000', '+'),
(472, 91, 2, 15, '0.0000', '+'),
(473, 91, 2, 14, '0.0000', '+'),
(474, 91, 2, 13, '0.0000', '+'),
(475, 91, 2, 12, '0.0000', '+'),
(476, 92, 1, 1, '0.0000', '+'),
(477, 92, 1, 3, '0.0000', '+'),
(478, 92, 1, 6, '0.0000', '+'),
(479, 92, 1, 5, '0.0000', '+'),
(480, 92, 2, 15, '0.0000', '+'),
(481, 92, 2, 14, '0.0000', '+'),
(482, 92, 2, 13, '0.0000', '+'),
(483, 92, 2, 12, '0.0000', '+'),
(484, 93, 2, 14, '0.0000', '+'),
(485, 93, 2, 13, '0.0000', '+'),
(486, 93, 2, 12, '0.0000', '+'),
(487, 97, 1, 7, '0.0000', '+'),
(488, 97, 1, 6, '0.0000', '+'),
(489, 97, 1, 5, '0.0000', '+'),
(490, 97, 1, 4, '0.0000', '+'),
(491, 97, 2, 15, '0.0000', '+'),
(492, 97, 2, 14, '0.0000', '+'),
(493, 97, 2, 13, '0.0000', '+'),
(494, 97, 2, 12, '0.0000', '+'),
(495, 98, 1, 3, '0.0000', '+'),
(496, 98, 1, 6, '0.0000', '+'),
(497, 98, 1, 5, '0.0000', '+'),
(498, 98, 1, 4, '0.0000', '+'),
(499, 98, 2, 15, '0.0000', '+'),
(500, 98, 2, 14, '0.0000', '+'),
(501, 98, 2, 13, '0.0000', '+'),
(502, 98, 2, 12, '0.0000', '+'),
(503, 99, 1, 2, '0.0000', '+'),
(504, 99, 1, 3, '0.0000', '+'),
(505, 99, 1, 6, '0.0000', '+'),
(506, 99, 1, 1, '0.0000', '+'),
(507, 99, 2, 15, '0.0000', '+'),
(508, 99, 2, 14, '0.0000', '+'),
(509, 99, 2, 13, '0.0000', '+'),
(510, 99, 2, 12, '0.0000', '+'),
(511, 100, 1, 2, '0.0000', '+'),
(512, 100, 1, 7, '0.0000', '+'),
(513, 100, 1, 3, '0.0000', '+'),
(514, 100, 1, 6, '0.0000', '+'),
(515, 100, 2, 15, '0.0000', '+'),
(516, 100, 2, 14, '0.0000', '+'),
(517, 100, 2, 13, '0.0000', '+'),
(518, 100, 2, 12, '0.0000', '+'),
(519, 101, 1, 2, '0.0000', '+'),
(520, 101, 1, 3, '0.0000', '+'),
(521, 101, 1, 1, '0.0000', '+'),
(522, 101, 1, 4, '0.0000', '+'),
(523, 101, 2, 15, '0.0000', '+'),
(524, 101, 2, 14, '0.0000', '+'),
(525, 101, 2, 13, '0.0000', '+'),
(526, 101, 2, 12, '0.0000', '+'),
(527, 102, 1, 2, '0.0000', '+'),
(528, 102, 1, 3, '0.0000', '+'),
(529, 102, 1, 1, '0.0000', '+'),
(530, 102, 1, 4, '0.0000', '+'),
(531, 102, 2, 15, '0.0000', '+'),
(532, 102, 2, 14, '0.0000', '+'),
(533, 102, 2, 13, '0.0000', '+'),
(534, 102, 2, 12, '0.0000', '+'),
(535, 103, 1, 1, '0.0000', '+'),
(536, 103, 1, 3, '0.0000', '+'),
(537, 103, 1, 5, '0.0000', '+'),
(538, 103, 1, 4, '0.0000', '+'),
(539, 103, 2, 15, '0.0000', '+'),
(540, 103, 2, 14, '0.0000', '+'),
(541, 103, 2, 13, '0.0000', '+'),
(542, 103, 2, 12, '0.0000', '+');

INSERT INTO `products_description` (`products_id`, `language_id`, `products_name`, `products_description`) VALUES
(3, 1, 'Silver Amor Bangle Set', '<p>Made for mixing &amp; matching, these bangles can be worn simply or with additional bracelets for more advanced accessorizing. </p><ul><li>Set of 4</li><li>7.5\" diameter</li><li>Sterling Silver</li></ul>'),
(4, 1, 'Gold Veritas Cuff Set', '<p>Made for mixing &amp; matching, these bangles can be worn simply or with additional bracelets for more advanced accessorizing. </p><ul><li>Set of 2</li><li>6.5\" diameter</li><li>14K gold, onyx, turquoise</li></ul>'),
(5, 1, 'Semper Bangle Set', '<p>Made for mixing &amp; matching, these bangles can be worn simply or with additional bracelets for more advanced accessorizing. </p><ul><li>Set of 20</li><li>7\" diameter</li><li>14K gold</li></ul>'),
(6, 1, 'Gold Omni Bangle Set', '<p>Made for mixing &amp; matching, these bangles can be worn simply or with additional bracelets for more advanced accessorizing. </p><ul><li>Set of 8</li><li>7\" diameter</li><li>14K gold</li></ul>'),
(7, 1, 'Gold Cirque Earrings', '<p>Simple, gold hoop earrings complement every outfit without feeling overstated. </p><ul><li>1.5\" diameter</li><li>14K gold</li><li>Snap-top closure</li></ul>'),
(8, 1, 'Silver Cirque Earrings', '<p>Simple, silver hoop earrings complement every outfit without feeling overstated. </p><ul><li>1.5\" diameter</li><li>Silver-plated</li><li>Snap-top closure</li></ul>'),
(9, 1, 'Gold Sol Earrings', '<p>Simple, elegant gold stud earrings.</p><ul><li>3/8\" diameter </li><li>18K gold</li><li>Post back</li></ul>'),
(10, 1, 'Silver Sol Earrings', '<p>Simple, elegant silver stud earrings. </p><ul><li>3/8\" diameter </li><li>Sterling silver</li><li>Post back</li></ul>'),
(11, 1, 'Augusta Necklace', '<p>A medley of brightly colored glass seed beads.</p><ul><li>20\" length</li><li>Silvertone</li><li>Lobster clasp</li></ul>'),
(12, 1, 'Carmina Necklace', '<p>A medley of brightly colored glass seed beads.</p><ul><li>20\" length</li><li>Goldtone</li><li>Lobster clasp</li></ul>'),
(13, 1, 'Augusta Earrings', '<p>Silver &amp; aqua chandelier earrings.</p><ul><li>2.5\" length</li><li>Sterling silver</li><li>Fish hook style</li></ul>'),
(14, 1, 'Carmina Earrings', '<p>Gold &amp; coral chandelier earrings.</p><ul><li>2.5\" length</li><li>18K gold</li><li>Fish hook style</li></ul>'),
(33, 1, 'Jillian Top', '<p>The Jillian Top takes a wardrobe essential and kicks it up a notch with soft, heathered material and lace detail. Next time you feel like wearing a t-shirt, grab this instead. Comfort can look this good.  </p><p>Features:</p><ul><li>Crewneck</li><li>Capped sleeve</li><li>Sits on the hips</li><li>Longer back hemline</li><li>Machine wash, line dry</li></ul>'),
(34, 1, 'Valeria Two-Layer Tank', '<p>The Valeria Tank features two layers of possibility. The loose fit flatters without impacting comfort and the tiered material hangs beautifully. Wear alone or add a belt for a little more definition. </p><p>Features:</p><ul><li>Scoop neck</li><li>Sleeveless</li><li>Sits below the hips</li><li>Two layers</li><li>Machine wash, tumble dry low</li></ul>'),
(35, 1, 'Vitalia Top', '<p>The Vitalia Top is all about mixing it up. An interesting mix of cotton &amp rayon materials makes this top hard to pin down. Wear it casual or dress it up. There are no rules here. </p><p>Features:</p><ul><li>V-neck</li><li>Capped sleeve</li><li>Sits on the hips</li><li>Faux wrap detail</li><li>Dry clean recommended</li></ul>'),
(36, 1, 'Emilia Cropped Lace Top', '<p>The Emilia Lace Top is made to spice up your wardrobe without making you feel uncomfortable. Gorgeous open lace detail, back buttons, and the fun, cropped length will give you a little extra pep in your step.  </p><p>Features:</p><ul><li>Crewneck </li><li>Button down back</li><li>Short sleeve</li><li>Cropped</li><li>Dry clean recommended</li></ul>'),
(37, 1, 'Aurora Sleeveless Blouse', '<p>The Aurora Blouse is ready to go wherever you are. This top is wrinkle resistant, so it packs beautifully and hangs perfectly. Tabbed detail at the shoulders and dual pockets offer just the right amount of thoughtful design. </p><p>Features:</p><ul><li>Button down</li><li>Sleeveless </li><li>Falls below the hips</li><li>Shoulder tabs, pockets</li><li>Dry clean recommended</li></ul>'),
(38, 1, 'Serena Blouse', '<p>The Serena Blouse is made with a silk rayon blend that will keep you feeling light and airy. Resistant to watermarks, you can feel confident in any temperature while looking flawless. </p><p>Features:</p><ul><li>Button down</li><li>Sleeveless </li><li>Sits at the hips</li><li>Spread collar</li><li>Dry clean recommended</li></ul>'),
(39, 1, 'Isabella Sleeveless Blouse', '<p>The Isabella Blouse is a wonderful balance of grace and comfort. The attention to detail is notable, from the open design along the shoulders, to the perfectly placed seams, to the peplum waist. </p><p>Features:</p><ul><li>Button down</li><li>Sleeveless </li><li>Sits at the waist</li><li>Open design along the shoulders</li><li>Dry clean recommended</li></ul>'),
(40, 1, 'Cora Open-Back Tank', '<p>The Cora Tank carries intrigue both coming and going. The delicate lace panel in the front, the slight a-line form, and the open back design make this top a target for compliments galore.  </p><p>Features:</p><ul><li>Crewneck</li><li>Sleeveless </li><li>Sits at the waist</li><li>Front lace panel and open back</li><li>Hand wash, line dry</li></ul>'),
(41, 1, 'Anna Draped Top', '<p>The Anna Draped Top hangs beautifully in the all the right places. The soft, sheer material offers graceful lines and seamless movement. Back lace detail and tie at the neckline complete the look.  </p><p>Features:</p><ul><li>Draped neckline</li><li>Capped sleeves</li><li>Hits at the hips</li><li>Lace detail back &amp; tie neckline</li><li>Hand wash, line dry</li></ul>'),
(42, 1, 'Susanna Draped Tank', '<p>The Susana Draped Tank is made of heathered jersey material and flaunts a draped, wrapover front. This sleeveless top doesn\'t sacrifice comfort for style. Yes, you can have it all. </p><p>Features:</p><ul><li>V-neck</li><li>Sleeveless</li><li>Hits at the waist</li><li>Wrapover front</li><li>Machine wash, line dry</li></ul>'),
(43, 1, 'Chloe Silk Shell', '<p>The Chloe Shell is stunning on its own or as a layering piece. Made with soft, silk blend fabric, this top is flattering on every body type. The cap sleeves and detailed stitching offer just the right amount of femininity.  </p><p>Features:</p><ul><li>Scoop neck</li><li>Capped sleeve</li><li>Hits below the waist</li><li>Stitching detail</li><li>Dry clean only </li></ul>'),
(44, 1, 'Penelope Peasant Blouse', '<p>The Penelope Peasant Blouse will quickly become one of the most versatile pieces of your wardrobe. The classic sheer gauze material is a nod to this timeless style. Accessorize and make it your own.</p><p>Features:</p><ul><li>Crewneck</li><li>Long sleeve</li><li>Hits below the waist</li><li>Keyhole detail</li><li>Machine, line dry</li></ul>'),
(45, 1, 'Lorena Cardigan', '<p>The Lorena Cardigan is a simple way to dress up any outfit while remaining comfortable. Wide sleeves provide ease of movement while the back offers beautiful inset floral detail. </p><p>Features:</p><ul><li>Open front</li><li>Short sleeve</li><li>Hits low on the hips</li><li>Back inset detail</li><li>Hand wash, line dry</li></ul>'),
(47, 1, 'Corina Lace-Back Sweater', '<p>The Corina Sweater is delicate and sweet with a hint of mystique. This heathered knit beauty has an inset lace back that is slightly unexpected. You\'ll be looking for opportunities to walk away.  </p><p>Features:</p><ul><li>Crewneck</li><li>3/4 sleeve</li><li>Cropped</li><li>Back lace detail</li><li>Dry clean only</li></ul>'),
(48, 1, 'Helena Cardigan', '<p>The Helena Cardigan is understated yet elegant. Great for keeping you warm without feeling constricted. The soft lines of this sweater provide endless comfort while keeping you looking flawless.  </p><p>Features:</p><ul><li>Open front</li><li>Long sleeve</li><li>Sits below the hip</li><li>Loose fit</li><li>Machine wash, line dry</li></ul>'),
(49, 1, 'Roxana Cropped Sweater', '<p>The Roxana Sweater will perk your closet right up. This bold boucle top is the right choice for those days when you\'re seeking a sunny disposition. Soft fabric and loose fit will keep you feeling good. </p><p>Features:</p><ul><li>Crewneck</li><li>Long sleeve</li><li>Cropped</li><li>Loose fit</li><li>Machine wash, line dry</li></ul>'),
(50, 1, 'Brigid Boucle Cardigan', '<p>The Brigid Cardigan brings texture and richness to any outfit. Perfect over a tank and jeans or your favorite sundress. This sweater can be dressed up or down depending on your mood. </p><p>Features:</p><ul><li>Open front</li><li>3/4 sleeve</li><li>Sit below the hip</li><li>Versatile</li><li>Machine wash, line dry</li></ul>'),
(51, 1, 'Sabina Hooded Cardigan', '<p>The Sabina Cardigan is perfect for those days when you want to look good without a whole lot of effort. Breathable cotton combined with a hood and pockets will have you looking perfectly put together.</p><p>Features:</p><ul><li>Open front</li><li>Long sleeve</li><li>Hits just below the waist</li><li>Hooded, side pockets</li><li>Dry clean recommended</li></ul>'),
(52, 1, 'Hanna Sweater', '<p>The Hanna Sweater will make you feel like you\'re sitting overlooking the ocean, no matter where you are. This sheer cotton sweater is fabulous over a tank top and feels perfectly beachy. </p><p>Features:</p><ul><li>Crewneck</li><li>3/4 sleeve</li><li>Hits just below the waist</li><li>Great for layering</li><li>Machine wash, line dry</li></ul>'),
(53, 1, 'Rosalina Cardigan', '<p>The Rosalina Cardigan is the definition of easy going. This lightweight cotton sweater has a fun little swing and just enough extra material to wrap it around you a little tighter when the temperature requires. </p><p>Features:</p><ul><li>Open front </li><li>Long sleeve</li><li>Hits below the hip</li><li>Great with a belt</li><li>Machine wash, line dry</li></ul>'),
(54, 1, 'Phoebe Cardigan', '<p>The Phoebe Cardigan is a great addition to any tank dress. Perfect to have for those warm days that turn into chilly nights. Keeps arms warm without hiding what you\'re wearing underneath.</p><p>Features:</p><ul><li>Open front </li><li>Short sleeve</li><li>Hits mid-thigh</li><li>Great with a belt</li><li>Machine wash, line dry</li></ul>'),
(55, 1, 'Juno Sweater', '<p>The Juno Sweater is a good time waiting to happen. This fun &amp; functional two-layer cotton sweater combines subtlety with a hint of bold personality. Pair with shorts or jeans and get outside.</p><p>Features:</p><ul><li>Two layer open weave</li><li>Long sleeve</li><li>Sits on the hip</li><li>Fitted </li><li>Machine wash, line dry</li></ul>'),
(56, 1, 'Carina Cardigan', '<p>The Carina Cardigan is the perfect complement to a breezy summer evening. The loose knit, lightweight cotton fabric moves with you and provides just the right amount of breathable warmth.</p><p>Features:</p><ul><li>Open front </li><li>3/4 sleeve</li><li>Tapered to hip </li><li>Specked design </li><li>Dry clean recommended </li></ul>'),
(57, 1, 'Isadora Skirt', '<p>The Isadora Skirt has just the right amount of flounce to make it playful and yet still chic. Lovely wrap detail and draped layering in the front add a bit of sophistication to the lush print. </p><p>Features:</p><ul><li>Side zip</li><li>Length: 17\"</li><li>Hits mid thigh</li><li>Set on waist</li><li>Dry clean recommended</li></ul>'),
(58, 1, 'Pomona Skirt', '<p>The Pomona Skirt lets you appear slightly wild, while still maintaining your composure. You don\'t need to do much in seeking a companion for this skirt. A simple tank or tee will do.   </p><p>Features:</p><ul><li>Pull on</li><li>Length: 43\"</li><li>Hits below ankle</li><li>Elastic waistband</li><li>Machine wash, line dry</li></ul>'),
(59, 1, 'Samara Skirt', '<p>The Samara Skirt has a nice fit and flare feel to it. It hugs closely down through the hips and gracefully extends down past the ankles. The jersey material and complex pattern compliment every figure. </p><p>Features:</p><ul><li>Pull on</li><li>Length: 43\"</li><li>Hits below ankle</li><li>Elastic waistband</li><li>Machine wash, line dry</li></ul>'),
(60, 1, 'Iona Skirt', '<p>The Iona Skirt is quite unique. Its lines are generous and flattering, without hugging the body too close. Pleating in the front as well as two long walking slits make this skirt extremely easy to wear. </p><p>Features:</p><ul><li>Pull on</li><li>Length: 42\"</li><li>Hits below ankle</li><li>Front walking slits</li><li>Machine wash, line dry</li></ul>'),
(61, 1, 'Tatiana Skirt', '<p>The Tatiana Skirt is just plain flirty and fun. The energetic print and short length demand attention no matter what the occasion. Strap on a pair of wedges and your legs will look amazing!</p><p>Features:</p><ul><li>Pull on</li><li>Length: 17\"</li><li>Hits mid thigh</li><li>Elastic waist</li><li>Hand wash, line dry</li></ul>'),
(62, 1, 'Davina Skirt', '<p>The Davina Skirt is sure to warrant a second glance. While the sheer top layer falls somewhere around the ankles, the interior lining falls above the knee. Add in a long side slit and things just got a lot more interesting.  </p><p>Features:</p><ul><li>Pull on</li><li>Length: 42\"</li><li>Hits below the ankle</li><li>Short lining, sheer overlay</li><li>Hand wash, line dry</li></ul>'),
(63, 1, 'Leona Skirt', '<p>The Leona Skirt hugs you in all the right places. The rouched waistband adds a little formality to this otherwise casual skirt. Its a-line shape keeps things breezy while still looking put together.  </p><p>Features:</p><ul><li>Pull on</li><li>Length: 44\"</li><li>Hits below the ankle</li><li>Thick, rouched waistband</li><li>Hand wash, line dry</li></ul>'),
(64, 1, 'Agatha Skirt', '<p>The Agatha Skirt has a large circumference that lends itself to all sorts of drama. Take it out for a spin. The stretchy, cozy fabric is ready for all kinds of adventure. Just be prepared for whatever lies in store.  </p><p>Features:</p><ul><li>Pull on</li><li>Length: 43\"</li><li>Hits below the ankle</li><li>Thick waistband</li><li>Machine wash, line dry</li></ul>'),
(65, 1, 'Daria Crochet Skirt', '<p>The Daria Crochet Skirt has a genuine air of innocence about it. From its modest lines to the delicate crochet detail, this skirt just feels fresh. Wear with a soft tee or tank and be on your way. </p><p>Features:</p><ul><li>Pull on</li><li>Length: 26\"</li><li>Hits below the knee</li><li>Roll down waist</li><li>Hand wash, line dry</li></ul>'),
(66, 1, 'Johanna Skirt', '<p>The Johanna Skirt is probably the last skirt you\'ll ever need. Soft jersey fabric makes this the quintessential everyday skirt. Wear it to work. Wear it to the beach. Ditch the sweats and wear it grocery shopping. </p><p>Features:</p><ul><li>Pull on</li><li>Length: 42\"</li><li>Hits below the ankle</li><li>Thick waistband</li><li>Machine wash, line dry</li></ul>'),
(67, 1, 'Rowena Skirt', '<p>The Rowena Skirt will have you twirling a little more than usual. Inset kick panels give this skirt more swing than your typical maxi skirt. Try it. We guarantee you\'ll find more reasons to dance. </p><p>Features:</p><ul><li>Pull on</li><li>Length: 43\"</li><li>Hits below the ankle</li><li>Kick pleats</li><li>Machine wash, line dry</li></ul>'),
(68, 1, 'Bellona Skirt', '<p>The Bellona Skirt features stretchy, heathered material that moves right along with you. The a-line cut allows for long, easy strides while strategically placed external seams provide texture and contour. </p><p>Features:</p><ul><li>Pull on</li><li>Length: 44\"</li><li>Hits below the ankle</li><li>Roll down waist</li><li>Machine wash, line dry</li></ul>'),
(69, 1, 'Liana Lace Shorts', '<p>The Liana Lace Shorts are a juxtaposition of new sophistication and classic style. The lace overlay brings back an elegant ornament of femininity without feeling formal or stodgy.     </p><p>Features:</p><ul><li>Set on waist</li><li>Zip fly</li><li>Sit just below the waist</li><li>4\" inseam</li><li>Machine wash, machine dry</li></ul>'),
(70, 1, 'Amara Crochet Shorts', '<p>The Amara Crochet Shorts are just…wow. Rows of varying crochet patterns cover a complementary linen short. These shorts are overflowing with hand-stitched details that will garner attention (the good kind).       </p><p>Features:</p><ul><li>Set on waist</li><li>Side zip</li><li>Sit just below the waist</li><li>3\" inseam</li><li>Hand wash, line dry</li></ul>'),
(71, 1, 'Portia Shorts', '<p>The Portia Shorts take the classic combo of black and white and add the contemporary edge of a dress short. Feminine scalloped edges finish these shorts and make them truly elegant. </p><p>Features:</p><ul><li>Elastic drawstring waist </li><li>Scalloped edges</li><li>Sit just below the waist</li><li>3\" inseam</li><li>Hand wash, line dry</li></ul>'),
(72, 1, 'Lenora Crochet Shorts', '<p>The Lenora Crochet Shorts are perfect for those days when the weather dictates your wardrobe options. The good news is you can keep cool and still look good. These cotton shorts have got you covered. </p><p>Features:</p><ul><li>Elastic waist </li><li>Drawstring waist</li><li>Sit just below the waist</li><li>4\" inseam</li><li>Hand wash, line dry</li></ul>'),
(73, 1, 'Bella Eyelet Capris', '<p>The Bella Eyelet Capris are a reminder of simpler days. Pair these with a vibrant top and you\'re off for whatever the day holds in store. Prepare yourself for thoughtful design and impeccable seam placement.</p><p>Features:</p><ul><li>Set on waist</li><li>Zip fly</li><li>Sit just below the waist</li><li>26\" inseam</li><li>Machine wash, machine dry</li></ul>'),
(74, 1, 'Fauna Palazzo Pants', '<p>The Fauna Palazzo Pants are not for the weak of heart. They are a bold fashion statement, and demand a personality to match. These sheer pants will be the life of the party, with or without you. </p><p>Features:</p><ul><li>Elastic waist</li><li>Tie waistband</li><li>Cotton hot pants lining</li><li>32\" inseam</li><li>Hand wash, line dry</li></ul>'),
(75, 1, 'Calista Linen Pants', '<p>The Calista Linen Pants are subdued yet classic. Your closet will welcome these versatile additions. Forget everything you know about linen, because things are about to get interesting. </p><p>Features:</p><ul><li>Cotton waistband</li><li>Drawstring waist</li><li>Sits just below the waist</li><li>31\" inseam</li><li>Machine wash, line dry</li></ul>'),
(76, 1, 'Honora Wide Leg Pants', '<p>The Honora Wide Leg Pants definitely hold their own when it comes to standing out from the crowd. These pants feature a unique design and a varying color palette to make pairing a snap.</p><p>Features:</p><ul><li>Elastic waistband</li><li>Drawstring waist</li><li>Sits just below the waist</li><li>31\" inseam</li><li>Machine wash, line dry</li></ul>'),
(77, 1, 'Clara Wide Leg Pants', '<p>Slip on the Clara Wide Leg Pants and you\'ll immediately begin to feel something like an ocean breeze sweep over you. These pants are wrinkle-resistant and easy going, just like you. </p><p>Features:</p><ul><li>Cotton fold-down waistband</li><li>Wrinkle-resistant linen</li><li>Sits just below the waist</li><li>32\" inseam</li><li>Hand wash, line dry</li></ul>'),
(78, 1, 'Camilla Palazzo Pants', '<p>The Camilla Palazzo Pants are a toss up when it comes to fashion or function. And really it doesn\'t matter because you\'ll love them for both. They carry amazing detail without the need for structure. </p><p>Features:</p><ul><li>Elastic waistband</li><li>Pull on</li><li>Sits at the waist</li><li>32\" inseam</li><li>Machine wash, line dry</li></ul>'),
(79, 1, 'Gloria Palazzo Pants', '<p>The Gloria Palazzo Pants are pretty much the best pants ever. Dress them up or dress them down. Throw them on in lieu of a skirt and feel sweet freedom from the constraints of regular pants. </p><p>Features:</p><ul><li>Elastic waistband</li><li>Pull on</li><li>Sits at the waist</li><li>32\" inseam</li><li>Machine wash, line dry</li></ul>'),
(80, 1, 'Selena Pants', '<p>The Selena Pants are one of the more form-fitting pieces in the Venia collection. But don\'t be fooled by their appearance. These gems are made with soft pima cotton and just the right amount of stretch.</p><p>Features:</p><ul><li>Cotton waistband</li><li>Drawstring waist</li><li>Sits just below waist</li><li>31\" inseam</li><li>Machine wash, line dry</li></ul>'),
(81, 1, 'Petra Sundress', '<p>The Petra Sundress strikes a delightful balance between fun and functional. The easy style of this dress lends itself to relaxing and having a good time. Put your hands in the pockets and just chill.  </p><p>Features:</p><ul><li>V-neck</li><li>Capped sleeve</li><li>Hits above the knee</li><li>Keyhole back, side pockets</li><li>Hand wash, line dry</li></ul>'),
(82, 1, 'Athena Tank Dress', '<p>The Athena Tank Dress offers a high level of structure &amp details without sacrificing comfort. The collar and front pocket accents paired with pleating detail give a polished look with little effort.   </p><p>Features:</p><ul><li>Crewneck</li><li>Sleeveless</li><li>Hits above the knee</li><li>Pleated design</li><li>Dry clean only</li></ul>'),
(83, 1, 'Claudia Crochet Dress', '<p>The Claudia Dress is made to be paired with your favorite wardrobe basics. The sheer cotton material is perfect over a tank top and a pair of leggings. Gorgeous crochet details complete the look. </p><p>Features:</p><ul><li>Scoop neck</li><li>Short sleeves</li><li>Hits above the knee</li><li>Crochet details</li><li>Hand wash, line dry</li></ul>'),
(84, 1, 'Alexia Maxi Dress', '<p>The Alexia Maxi Dress laughs at the notion that horizontal stripes are a no-no. The pattern in this dress creates a wonderful slimming effect. Add in the exceptionally soft fabric and it\'s downright irresistible.     </p><p>Features:</p><ul><li>Scoop neck</li><li>Capped sleeves</li><li>Hits at the ankle</li><li>Front pocket</li><li>Machine wash, line dry</li></ul>'),
(85, 1, 'Valentina Tank Dress', '<p>The Valentina Tank Dress has lines placed in all the right places. What this freeform dress lacks in structure it makes up in exceptional design and composition. Wash &amp; wear care is a bonus.  </p><p>Features:</p><ul><li>Scoop neck</li><li>Piping around the neckline &amp; arms</li><li>Hits at the ankle</li><li>Elastic waist</li><li>Machine wash, line dry</li></ul>'),
(86, 1, 'Paulina Draped Tank Dress', '<p>The Paulina Tank Dress has the potential to replace your favorite LBD. This dress is chic yet classic, with the flexibility to dress up its delicate draping. No one needs to know you\'re incredibly comfortable.  </p><p>Features:</p><ul><li>Draped scoop neck</li><li>Lined</li><li>Hits at the knee</li><li>Elastic waist</li><li>Machine wash, line dry</li></ul>'),
(87, 1, 'Flora Tank Dress', '<p>The Flora Tank Dress is soft to the touch, featuring a sheer, crushed velvet overlay that adds texture without heat. The vertical pattern of the design elegantly slims and camouflages.    </p><p>Features:</p><ul><li>Scoop neck</li><li>Two layers</li><li>Hits above the knee</li><li>Elastic waist</li><li>Dry clean only</li></ul>'),
(88, 1, 'Veronica Maxi Dress', '<p>The Veronica Maxi Dress is literally a tall drink of water. Perfect for those days when you\'d rather be sitting on the beach. This dress will keep you feeling cool on the even the hottest days. </p><p>Features:</p><ul><li>Scoop neck</li><li>Knot racerback</li><li>Hits at the ankles</li><li>Elastic waist</li><li>Machine wash, line dry</li></ul>'),
(89, 1, 'Felicia Maxi Dress', '<p>The Felicia Maxi Dress is your go-to on the days when you don\'t feel like wearing anything at all. This dress is lightweight without being see-through, and forgiving exactly where you need it to be. </p><p>Features:</p><ul><li>Scoop neck</li><li>Spaghetti straps</li><li>Hits below the ankles</li><li>Elastic waist</li><li>Machine wash, line dry</li></ul>'),
(90, 1, 'Karena Halter Dress', '<p>The Karena Halter Dress loves to be the center of attention. The jersey material of this dress resists wrinkles, and hangs beautifully in all the right places. It\'s perfect for a long day of sun &amp; fun. </p><p>Features:</p><ul><li>Halter top</li><li>Open back, neck tie</li><li>Hits below the knee</li><li>Longer back hemline</li><li>Machine wash, line dry</li></ul>'),
(91, 1, 'Candace Dress', '<p>The Candace dress is the perfect escape for the days when you just can\'t bear the thought of wearing pants. From the serene pattern of the fabric to the incredibly soft material, everything about this dress says “ahhhhh.\"</p><p>Features:</p><ul><li>Deep v-neck</li><li>Draped short sleeves</li><li>Hits below the knee</li><li>Front &amp; back ties</li><li>Machine wash, line dry</li></ul>'),
(92, 1, 'Angelina Tank Dress', '<p>The Angelina Tank Dress is simple yet sophisticated. This dress can be thrown over a swimsuit for last minute lunch plans or belted for dinner on the patio. The high-low hemline gives it the perfect amount of swing. </p><p>Features:</p><ul><li>Scoopneck</li><li>Sleeveless</li><li>Hits below the knee</li><li>Longer back hemline</li><li>Machine wash, tumble dry low</li></ul>'),
(93, 1, 'Stretch Belt With Leather Clasp', '<ul><li>S: 28\" L; M: 30\" L; L: 32\" L</li><li>2\" W</li><li>Cotton, leather</li><li>Fold over front clasp</li><li>Wipe clean</li></ul>'),
(97, 1, 'Natalia Scarf', '<p>This is the perfect addition to add a touch of whimsy to your favorite outfit. Oversized for versatility, this scarf will quickly become your new best friend. </p><ul><li>72\" L x 42\" W</li><li>Cotton/Viscose blend</li></ul>'),
(98, 1, 'Luna Scarf', '<p>This is the perfect addition to add a touch of whimsy to your favorite outfit. Oversized for versatility, this scarf will quickly become your new best friend. </p><ul><li>72\" L x 42\" W</li><li>Cotton/Viscose blend</li></ul>'),
(99, 1, 'Antonia Infinity Scarf', '<p>Made of super soft pima cotton, this lightweight scarf is laid out in a chic, continuous loop. Double it or drape it to create the perfect embellishment to any ensemble.</p><ul><li>58\" L x 32\" W</li><li>Cotton/Viscose blend</li></ul>'),
(100, 1, 'Ombre Infinity Scarf', '<p>Made of super soft pima cotton, this lightweight scarf is laid out in a chic, continuous loop. Double it or drape it to create the perfect embellishment to any ensemble.</p><ul><li>58\" L x 32\" W</li><li>Cotton/Viscose blend</li></ul>'),
(101, 1, 'Carola Infinity Scarf', '<p>Made of super soft pima cotton, this lightweight scarf is laid out in a chic, continuous loop. Double it or drape it to create the perfect embellishment to any ensemble.</p><ul><li>58\" L x 32\" W</li><li>Cotton/Viscose blend</li></ul>'),
(102, 1, 'Dulcea Infinity Scarf', '<p>Made of super soft pima cotton, this lightweight scarf is laid out in a chic, continuous loop. Double it or drape it to create the perfect embellishment to any ensemble.</p><ul><li>58\" L x 32\" W</li><li>Cotton/Viscose blend</li></ul>'),
(103, 1, 'Echo Sweater', '<p>The Echo Sweater is sure to become your favorite weekend staple. Soft material and easy fit make it the perfect option for reading a book on the deck, or grabbing a cup of coffee with a friend. </p><p>Features:</p><ul><li>Crewneck</li><li>3/4 sleeve</li><li>Sits below waist</li><li>Two front pockets</li><li>Machine wash, line dry</li></ul>'),
(104, 1, 'Laser Cut Stretch Belt', '<ul><li>S: 28\" L; M: 30\" L; L: 32\" L</li><li>4\" W</li><li>Leather, elastic</li><li>Rounded metal buckle</li><li>Wipe clean</li></ul>'),
(105, 1, 'Thick Leather Braided Belt', '<ul><li googl=\"true\">S: 28\" L; M: 30\" L; L: 32\" L</li><li>3\" W</li><li>Leather, elastic</li><li>Rounded metal buckle</li><li>Wipe clean</li></ul>'),
(106, 1, 'Thin Leather Braided Belt', '<ul><li googl=\"true\">S: 28\" L; M: 30\" L; L: 32\" L</li><li>1\" W</li><li>Leather, elastic</li><li>Rounded metal buckle</li><li>Wipe clean</li></ul>');

INSERT INTO `products_images` (`id`, `products_id`, `image`, `htmlcontent`, `sort_order`) VALUES
(1, 102, 'va01-rn_main.jpg', NULL, 0),
(2, 102, 'va01-pe_alt.jpg', NULL, 0),
(3, 102, 'va01-kh_main.jpg', NULL, 0),
(4, 102, 'va01-ll_main.jpg', NULL, 0),
(5, 101, 'va02-pe_alt.jpg', NULL, 0),
(6, 101, 'va02-kh_main.jpg', NULL, 0),
(7, 101, 'va02-ll_main.jpg', NULL, 0),
(8, 101, 'va02-rn_main.jpg', NULL, 0),
(9, 100, 'va03-ly_alt.jpg', NULL, 0),
(10, 100, 'va03-kh_main.jpg', NULL, 0),
(11, 100, 'va03-la_main.jpg', NULL, 0),
(12, 100, 'va03-ll_main.jpg', NULL, 0),
(13, 99, 'va04-pe_alt.jpg', NULL, 0),
(14, 99, 'va04-kh_main.jpg', NULL, 0),
(15, 99, 'va04-ly_main.jpg', NULL, 0),
(16, 99, 'va04-pe_main.jpg', NULL, 0),
(17, 98, 'va05-ll_alt.jpg', NULL, 0),
(18, 98, 'va05-ly_main.jpg', NULL, 0),
(19, 98, 'va05-mt_main.jpg', NULL, 0),
(20, 98, 'va05-rn_main.jpg', NULL, 0),
(21, 97, 'va06-ly_alt.jpg', NULL, 0),
(22, 97, 'va06-la_main.jpg', NULL, 0),
(23, 97, 'va06-mt_main.jpg', NULL, 0),
(24, 97, 'va06-rn_main.jpg', NULL, 0),
(25, 14, 'va11-sg_alt.jpg', '', 1),
(27, 12, 'va13-sg_alt.jpg', '', 1),
(29, 11, 'va14-ts_alt.jpg', '', 1),
(30, 10, 'va15-si_alt.jpg', '', 1),
(32, 9, 'va16-go_alt.jpg', '', 1),
(34, 8, 'va17-si_alt.jpg', '', 1),
(35, 7, 'va18-go_alt.jpg', '', 1),
(36, 6, 'va19-go_alt.jpg', '', 1),
(38, 5, 'va20-gb_alt.jpg', '', 1),
(40, 4, 'va21-gbt_alt.jpg', '', 1),
(41, 3, 'va22-si_alt.jpg', '', 1),
(43, 92, 'vd01-ll_alt.jpg', '', 1),
(44, 92, 'vd01-ll_back.jpg', '', 2),
(45, 92, 'vd01-ly_main.jpg', '', 3),
(46, 92, 'vd01-mt_main.jpg', '', 4),
(47, 92, 'vd01-pe_main.jpg', '', 5),
(48, 91, 'vd02-ll_alt.jpg', '', 1),
(49, 91, 'vd02-ll_back.jpg', '', 2),
(50, 91, 'vd02-ly_main.jpg', '', 3),
(51, 91, 'vd02-mt_main.jpg', '', 4),
(52, 91, 'vd02-pe_main.jpg', '', 5),
(53, 90, 'vd03-mt_alt.jpg', '', 1),
(54, 90, 'vd03-mt_back.jpg', '', 2),
(55, 90, 'vd03-la_main.jpg', '', 3),
(56, 90, 'vd03-ll_main.jpg', '', 4),
(57, 90, 'vd03-rn_main.jpg', '', 5),
(58, 89, 'vd04-pe_back.jpg', '', 1),
(60, 89, 'vd04-kh_main.jpg', '', 2),
(61, 89, 'vd04-mt_main.jpg', '', 3),
(62, 89, 'vd04-rn_main.jpg', '', 4),
(63, 88, 'vd05-ly_alt.jpg', '', 1),
(64, 88, 'vd05-ly_back.jpg', '', 2),
(65, 88, 'vd05-kh_main.jpg', '', 3),
(66, 88, 'vd05-ll_main.jpg', '', 4),
(67, 88, 'vd05-mt_main.jpg', '', 5),
(68, 87, 'vd06-mt_alt.jpg', '', 1),
(69, 87, 'vd06-mt_back.jpg', '', 2),
(71, 87, 'vd06-ll_main.jpg', '', 3),
(72, 87, 'vd06-pe_main.jpg', '', 4),
(73, 87, 'vd06-rn_main.jpg', '', 5),
(74, 86, 'vd07-pe_back.jpg', '', 1),
(75, 86, 'vd07-la_main.jpg', '', 2),
(76, 86, 'vd07-ly_main.jpg', '', 3),
(77, 86, 'vd07-mt_main.jpg', '', 4),
(78, 85, 'vd08-ll_back.jpg', '', 1),
(79, 85, 'vd08-la_main.jpg', '', 2),
(80, 85, 'vd08-pe_main.jpg', '', 3),
(81, 85, 'vd08-rn_main.jpg', '', 4),
(82, 84, 'vd09-pe_alt.jpg', '', 1),
(83, 84, 'vd09-pe_back.jpg', '', 2),
(84, 84, 'vd09-kh_main.jpg', '', 3),
(85, 84, 'vd09-ll_main.jpg', '', 4),
(86, 84, 'vd09-rn_main.jpg', '', 5),
(87, 83, 'vd10-ly_alt.jpg', '', 1),
(88, 83, 'vd10-ly_back.jpg', '', 2),
(89, 83, 'vd10-ll_main.jpg', '', 3),
(90, 83, 'vd10-pe_main.jpg', '', 4),
(91, 83, 'vd10-rn_main.jpg', '', 5),
(92, 81, 'vd12-rn_back.jpg', '', 1),
(93, 81, 'vd12-kh_main.jpg', '', 2),
(94, 81, 'vd12-la_main.jpg', '', 3),
(95, 81, 'vd12-ll_main.jpg', '', 4),
(96, 80, 'vp01-ll_alt.jpg', NULL, 0),
(97, 80, 'vp01-ll_back.jpg', NULL, 0),
(98, 80, 'vp01-la_main.jpg', NULL, 0),
(99, 80, 'vp01-mt_main.jpg', NULL, 0),
(100, 80, 'vp01-rn_main.jpg', NULL, 0),
(101, 79, 'vp02-pe_alt.jpg', NULL, 0),
(102, 79, 'vp02-pe_back.jpg', NULL, 0),
(103, 79, 'vp02-ll_main.jpg', NULL, 0),
(104, 79, 'vp02-mt_main.jpg', NULL, 0),
(105, 79, 'vp02-rn_main.jpg', NULL, 0),
(106, 78, 'vp03-pe_back.jpg', NULL, 0),
(107, 78, 'vp03-kh_main.jpg', NULL, 0),
(108, 78, 'vp03-ll_main.jpg', NULL, 0),
(109, 78, 'vp03-rn_main.jpg', NULL, 0),
(110, 77, 'vp04-ll_back.jpg', NULL, 0),
(111, 77, 'vp04_look.jpg', NULL, 0),
(112, 77, 'vp04-kh_main.jpg', NULL, 0),
(113, 77, 'vp04-mt_main.jpg', NULL, 0),
(114, 77, 'vp04-rn_main.jpg', NULL, 0),
(115, 76, 'vp05-rn_alt.jpg', NULL, 0),
(116, 76, 'vp05-rn_back.jpg', NULL, 0),
(117, 76, 'vp05_look.jpg', NULL, 0),
(118, 76, 'vp05-la_main.jpg', NULL, 0),
(119, 76, 'vp05-ly_main.jpg', NULL, 0),
(120, 76, 'vp05-mt_main.jpg', NULL, 0),
(121, 75, 'vp06-ly_back.jpg', NULL, 0),
(122, 75, 'vp06-kh_main.jpg', NULL, 0),
(123, 75, 'vp06-la_main.jpg', NULL, 0),
(124, 75, 'vp06-pe_main.jpg', NULL, 0),
(125, 74, 'vp07-ll_alt.jpg', NULL, 0),
(126, 74, 'vp07-ll_back.jpg', NULL, 0),
(127, 74, 'vp07-ly_main.jpg', NULL, 0),
(128, 74, 'vp07-pe_main.jpg', NULL, 0),
(129, 74, 'vp07-rn_main.jpg', NULL, 0),
(130, 73, 'vp08-rn_alt.jpg', NULL, 0),
(131, 73, 'vp08-rn_back.jpg', NULL, 0),
(132, 73, 'vp08-la_main.jpg', NULL, 0),
(133, 73, 'vp08-ll_main.jpg', NULL, 0),
(134, 73, 'vp08-mt_main.jpg', NULL, 0),
(135, 72, 'vp09-pe_alt.jpg', NULL, 0),
(136, 72, 'vp09-pe_back.jpg', NULL, 0),
(137, 72, 'vp09-kh_main.jpg', NULL, 0),
(138, 72, 'vp09-la_main.jpg', NULL, 0),
(139, 72, 'vp09-ll_main.jpg', NULL, 0),
(140, 71, 'vp10-la_alt.jpg', NULL, 0),
(141, 71, 'vp10-la_back.jpg', NULL, 0),
(142, 71, 'vp10-ll_main.jpg', NULL, 0),
(143, 71, 'vp10-mt_main.jpg', NULL, 0),
(144, 71, 'vp10-rn_main.jpg', NULL, 0),
(145, 70, 'vp11-pe_alt.jpg', NULL, 0),
(146, 70, 'vp11-pe_back.jpg', NULL, 0),
(147, 70, 'vp11-kh_main.jpg', NULL, 0),
(148, 70, 'vp11-ll_main.jpg', NULL, 0),
(149, 70, 'vp11-rn_main.jpg', NULL, 0),
(150, 69, 'vp12-la_alt.jpg', NULL, 0),
(151, 69, 'vp12-la_back.jpg', NULL, 0),
(152, 69, 'vp12-ll_main.jpg', NULL, 0),
(153, 69, 'vp12-ly_main.jpg', NULL, 0),
(154, 69, 'vp12-rn_main.jpg', NULL, 0),
(155, 68, 'vsk01-la_alt.jpg', NULL, 0),
(156, 68, 'vsk01-la_back.jpg', NULL, 0),
(157, 68, 'vsk01-ll_main.jpg', NULL, 0),
(158, 68, 'vsk01-mt_main.jpg', NULL, 0),
(159, 68, 'vsk01-rn_main.jpg', NULL, 0),
(160, 67, 'vsk02-ll_alt.jpg', NULL, 0),
(161, 67, 'vsk02-ll_back.jpg', NULL, 0),
(162, 67, 'vsk02-kh_main.jpg', NULL, 0),
(163, 67, 'vsk02-pe_main.jpg', NULL, 0),
(164, 67, 'vsk02-rn_main.jpg', NULL, 0),
(165, 66, 'vsk03-pe_alt.jpg', NULL, 0),
(166, 66, 'vsk03-pe_back.jpg', NULL, 0),
(167, 66, 'vsk03-kh_main.jpg', NULL, 0),
(168, 66, 'vsk03-ll_main.jpg', NULL, 0),
(169, 66, 'vsk03-rn_main.jpg', NULL, 0),
(170, 65, 'vsk04-kh_alt.jpg', NULL, 0),
(171, 65, 'vsk04-kh_back.jpg', NULL, 0),
(172, 65, 'vsk04-ll_main.jpg', NULL, 0),
(173, 65, 'vsk04-pe_main.jpg', NULL, 0),
(174, 65, 'vsk04-rn_main.jpg', NULL, 0),
(175, 64, 'vsk05-pe_alt.jpg', NULL, 0),
(176, 64, 'vsk05-pe_back.jpg', NULL, 0),
(177, 64, 'vsk05-kh_main.jpg', NULL, 0),
(178, 64, 'vsk05-ll_main.jpg', NULL, 0),
(179, 64, 'vsk05-rn_main.jpg', NULL, 0),
(180, 63, 'vsk06-la_alt.jpg', NULL, 0),
(181, 63, 'vsk06-la_back.jpg', NULL, 0),
(182, 63, 'vsk06-ly_main.jpg', NULL, 0),
(183, 63, 'vsk06-mt_main.jpg', NULL, 0),
(184, 63, 'vsk06-rn_main.jpg', NULL, 0),
(185, 62, 'vsk07-rn_alt.jpg', NULL, 0),
(186, 62, 'vsk07-rn_back.jpg', NULL, 0),
(187, 62, 'vsk07-kh_main.jpg', NULL, 0),
(188, 62, 'vsk07-ll_main.jpg', NULL, 0),
(189, 62, 'vsk07-pe_main.jpg', NULL, 0),
(190, 61, 'vsk08-ly_back.jpg', NULL, 0),
(191, 61, 'vsk08_look.jpg', NULL, 0),
(192, 61, 'vsk08-la_main.jpg', NULL, 0),
(193, 61, 'vsk08-mt_main.jpg', NULL, 0),
(194, 61, 'vsk08-pe_main.jpg', NULL, 0),
(195, 60, 'vsk09-rn_alt.jpg', NULL, 0),
(196, 60, 'vsk09-rn_back.jpg', NULL, 0),
(197, 60, 'vsk09-kh_main.jpg', NULL, 0),
(198, 60, 'vsk09-ll_main.jpg', NULL, 0),
(199, 60, 'vsk09-pe_main.jpg', NULL, 0),
(200, 59, 'vsk10-pe_alt.jpg', NULL, 0),
(201, 59, 'vsk10-pe_back.jpg', NULL, 0),
(202, 59, 'vsk10-kh_main.jpg', NULL, 0),
(203, 59, 'vsk10-ll_main.jpg', NULL, 0),
(204, 59, 'vsk10-rn_main.jpg', NULL, 0),
(205, 58, 'vsk11-ly_alt.jpg', NULL, 0),
(206, 58, 'vsk11-ly_back.jpg', NULL, 0),
(207, 58, 'vsk11-ll_main.jpg', NULL, 0),
(208, 58, 'vsk11-mt_main.jpg', NULL, 0),
(209, 58, 'vsk11-rn_main.jpg', NULL, 0),
(210, 57, 'vsk12-la_alt.jpg', NULL, 0),
(211, 57, 'vsk12-la_back.jpg', NULL, 0),
(212, 57, 'vsk12-ll_main.jpg', NULL, 0),
(213, 57, 'vsk12-mt_main.jpg', NULL, 0),
(214, 57, 'vsk12-rn_main.jpg', NULL, 0),
(215, 56, 'vsw01-rn_back.jpg', NULL, 0),
(216, 56, 'vsw01-kh_main.jpg', NULL, 0),
(217, 56, 'vsw01-ll_main.jpg', NULL, 0),
(218, 56, 'vsw01-pe_main.jpg', NULL, 0),
(219, 55, 'vsw02-pe_alt.jpg', NULL, 0),
(220, 55, 'vsw02-pe_back.jpg', NULL, 0),
(221, 55, 'vsw02-kh_main.jpg', NULL, 0),
(222, 55, 'vsw02-ll_main.jpg', NULL, 0),
(223, 55, 'vsw02-rn_main.jpg', NULL, 0),
(224, 54, 'vsw03-kh_back.jpg', NULL, 0),
(225, 54, 'vsw03-ll_main.jpg', NULL, 0),
(226, 54, 'vsw03-mt_main.jpg', NULL, 0),
(227, 54, 'vsw03-rn_main.jpg', NULL, 0),
(228, 53, 'vsw04-pe_back.jpg', NULL, 0),
(229, 53, 'vsw04-kh_main.jpg', NULL, 0),
(230, 53, 'vsw04-ll_main.jpg', NULL, 0),
(231, 53, 'vsw04-rn_main.jpg', NULL, 0),
(232, 52, 'vsw05-kh_back.jpg', NULL, 0),
(233, 52, 'vsw05_look.jpg', NULL, 0),
(234, 52, 'vsw05-ly_main.jpg', NULL, 0),
(235, 52, 'vsw05-mt_main.jpg', NULL, 0),
(236, 52, 'vsw05-rn_main.jpg', NULL, 0),
(237, 51, 'vsw06-rn_back.jpg', NULL, 0),
(238, 51, 'vsw06-kh_main.jpg', NULL, 0),
(239, 51, 'vsw06-ll_main.jpg', NULL, 0),
(240, 51, 'vsw06-pe_main.jpg', NULL, 0),
(241, 50, 'vsw07-mt_back.jpg', NULL, 0),
(242, 50, 'vsw07-la_main.jpg', NULL, 0),
(243, 50, 'vsw07-ll_main.jpg', NULL, 0),
(244, 50, 'vsw07-rn_main.jpg', NULL, 0),
(245, 49, 'vsw08-ll_back.jpg', NULL, 0),
(246, 49, 'vsw08-kh_main.jpg', NULL, 0),
(247, 49, 'vsw08-mt_main.jpg', NULL, 0),
(248, 49, 'vsw08-rn_main.jpg', NULL, 0),
(249, 48, 'vsw09-rn_back.jpg', NULL, 0),
(250, 48, 'vsw09_look.jpg', NULL, 0),
(251, 48, 'vsw09-kh_main.jpg', NULL, 0),
(252, 48, 'vsw09-ll_main.jpg', NULL, 0),
(253, 48, 'vsw09-mt_main.jpg', NULL, 0),
(254, 47, 'vsw10-ly_alt.jpg', NULL, 0),
(255, 47, 'vsw10-ly_back.jpg', NULL, 0),
(256, 47, 'vsw10-ll_main.jpg', NULL, 0),
(257, 47, 'vsw10-mt_main.jpg', NULL, 0),
(258, 47, 'vsw10-rn_main.jpg', NULL, 0),
(259, 103, 'vsw11-ll_main.jpg', NULL, 0),
(260, 103, 'vsw11-mt_main.jpg', NULL, 0),
(261, 103, 'vsw11-rn_main.jpg', NULL, 0),
(262, 45, 'vsw12-pe_alt.jpg', NULL, 0),
(263, 45, 'vsw12-pe_back.jpg', NULL, 0),
(264, 45, 'vsw12-kh_main.jpg', NULL, 0),
(265, 45, 'vsw12-ll_main.jpg', NULL, 0),
(266, 45, 'vsw12-rn_main.jpg', NULL, 0),
(267, 44, 'vt01-kh_alt.jpg', '', 1),
(268, 44, 'vt01-kh_back.jpg', '', 2),
(269, 44, 'vt01-ll_main.jpg', '', 3),
(270, 44, 'vt01-pe_main.jpg', '', 4),
(271, 44, 'vt01-rn_main.jpg', '', 5),
(272, 43, 'vt02-rn_alt.jpg', '', 1),
(273, 43, 'vt02-rn_back.jpg', '', 2),
(274, 43, 'vt02-kh_main.jpg', '', 3),
(275, 43, 'vt02-ll_main.jpg', '', 4),
(276, 43, 'vt02-pe_main.jpg', '', 5),
(277, 42, 'vt03-rn_alt.jpg', '', 1),
(278, 42, 'vt03-rn_back.jpg', '', 2),
(279, 42, 'vt03-ll_main.jpg', '', 3),
(280, 42, 'vt03-ly_main.jpg', '', 4),
(281, 42, 'vt03-mt_main.jpg', '', 5),
(282, 41, 'vt04-mt_alt.jpg', '', 1),
(283, 41, 'vt04-mt_back.jpg', '', 2),
(284, 41, 'vt04-la_main.jpg', '', 3),
(285, 41, 'vt04-ll_main.jpg', '', 4),
(286, 41, 'vt04-rn_main.jpg', '', 5),
(287, 40, 'vt05-pe_alt.jpg', '', 1),
(288, 40, 'vt05-pe_back.jpg', '', 2),
(289, 40, 'vt05-ly_main.jpg', '', 3),
(290, 40, 'vt05-mt_main.jpg', '', 4),
(291, 40, 'vt05-rn_main.jpg', '', 5),
(292, 39, 'vt06-mt_alt.jpg', '', 1),
(293, 39, 'vt06-mt_back.jpg', '', 2),
(294, 39, 'vt06-ll_main.jpg', '', 3),
(295, 39, 'vt06-ly_main.jpg', '', 4),
(296, 39, 'vt06-rn_main.jpg', '', 5),
(297, 38, 'vt07-rn_back.jpg', '', 1),
(298, 38, 'vt07-kh_main.jpg', '', 2),
(299, 38, 'vt07-ll_main.jpg', '', 3),
(300, 38, 'vt07-pe_main.jpg', '', 4),
(301, 37, 'vt08-mt_alt.jpg', '', 1),
(302, 37, 'vt08-la_main.jpg', '', 2),
(303, 37, 'vt08-ll_main.jpg', '', 3),
(304, 37, 'vt08-rn_main.jpg', '', 4),
(305, 36, 'vt09-ll_alt.jpg', '', 1),
(306, 36, 'vt09-ll_back.jpg', '', 2),
(307, 36, 'vt09-kh_main.jpg', '', 3),
(308, 36, 'vt09-pe_main.jpg', '', 4),
(309, 36, 'vt09-rn_main.jpg', '', 5),
(310, 34, 'vt11-ll_back.jpg', '', 1),
(311, 34, 'vt11_look.jpg', '', 2),
(312, 34, 'vt11-ly_main.jpg', '', 3),
(313, 34, 'vt11-mt_main.jpg', '', 4),
(314, 34, 'vt11-rn_main.jpg', '', 5),
(315, 33, 'vt12-kh_alt.jpg', '', 1),
(316, 33, 'vt12-kh_back.jpg', '', 2),
(317, 33, 'vt12-ll_main.jpg', '', 3),
(318, 33, 'vt12-pe_main.jpg', '', 4),
(319, 33, 'vt12-rn_main.jpg', '', 5),
(320, 82, 'vd11-ly_back.jpg', '', 1),
(321, 82, 'vd11-ly_alt.jpg', '', 2),
(322, 82, 'vd11-kh_main.jpg', '', 3),
(323, 82, 'vd11-la_main.jpg', '', 4),
(324, 82, 'vd11-pe_main.jpg', '', 5),
(325, 35, 'vt10-ly_alt.jpg', '', 1),
(326, 35, 'vt10-ly_back.jpg', '', 2),
(327, 35, 'vt10-la_main.jpg', '', 3),
(328, 35, 'vt10-pe_main.jpg', '', 4),
(329, 35, 'vt10-kh_main.jpg', '', 5);

INSERT INTO `products_options` (`products_options_id`, `language_id`, `products_options_name`) VALUES
(1, 1, 'Color'),
(2, 1, 'Size');

INSERT INTO `products_options_values` (`products_options_values_id`, `language_id`, `products_options_values_name`) VALUES
(1, 1, 'Peach'),
(2, 1, 'Khaki'),
(3, 1, 'Lilac'),
(4, 1, 'Rain'),
(5, 1, 'Mint'),
(6, 1, 'Lily'),
(7, 1, 'Latte'),
(8, 1, 'Gold'),
(9, 1, 'Silver'),
(10, 1, 'Cocoa'),
(11, 1, 'XL'),
(12, 1, 'L'),
(13, 1, 'M'),
(14, 1, 'S'),
(15, 1, 'XS'),
(16, 1, '2'),
(17, 1, '4'),
(18, 1, '6'),
(19, 1, '8'),
(20, 1, '10');

INSERT INTO `products_options_values_to_products_options` (`products_options_values_to_products_options_id`, `products_options_id`, `products_options_values_id`) VALUES
(1, 1, 1),
(2, 1, 2),
(3, 1, 3),
(4, 1, 4),
(5, 1, 5),
(6, 1, 6),
(7, 1, 7),
(8, 1, 8),
(9, 1, 9),
(10, 1, 10),
(11, 2, 11),
(12, 2, 12),
(13, 2, 13),
(14, 2, 14),
(15, 2, 15),
(16, 2, 16),
(17, 2, 17),
(18, 2, 18),
(19, 2, 19),
(20, 2, 20);

INSERT INTO `products_to_categories` (`products_id`, `categories_id`) VALUES
(3, 15),
(4, 15),
(5, 15),
(6, 15),
(7, 15),
(8, 15),
(9, 15),
(10, 15),
(11, 15),
(12, 15),
(13, 15),
(14, 15),
(33, 10),
(34, 10),
(35, 10),
(36, 10),
(37, 10),
(38, 10),
(39, 10),
(40, 10),
(41, 10),
(42, 10),
(43, 10),
(44, 10),
(45, 11),
(47, 11),
(48, 11),
(49, 11),
(50, 11),
(51, 11),
(52, 11),
(53, 11),
(54, 11),
(55, 11),
(56, 11),
(57, 13),
(58, 13),
(59, 13),
(60, 13),
(61, 13),
(62, 13),
(63, 13),
(64, 13),
(65, 13),
(66, 13),
(67, 13),
(68, 13),
(69, 12),
(70, 12),
(71, 12),
(72, 12),
(73, 12),
(74, 12),
(75, 12),
(76, 12),
(77, 12),
(78, 12),
(79, 12),
(80, 12),
(81, 17),
(82, 17),
(83, 17),
(84, 17),
(85, 17),
(86, 17),
(87, 17),
(88, 17),
(89, 17),
(90, 17),
(91, 17),
(92, 17),
(93, 14),
(97, 16),
(98, 16),
(99, 16),
(100, 16),
(101, 16),
(102, 16),
(103, 11),
(104, 14),
(105, 14),
(106, 14);

INSERT INTO `reviews` (`reviews_id`, `products_id`, `customers_id`, `customers_name`, `reviews_rating`, `date_added`, `reviews_status`, `reviews_text`) VALUES
(1, 93, NULL, 'Grace', 3, '2020-07-20 17:20:05', 1, 'Love this belt. The color and style make it so versatile and it works with pretty much my entire wardrobe. Total essential. '),
(2, 58, NULL, 'Jaci', 5, '2020-07-22 03:21:03', 1, 'This skirt is so cute and playful. Add a basic tee or tank for a casual look, or a blouse or blazer for work. I love it!'),
(3, 57, NULL, 'Grace', 5, '2020-07-23 13:22:01', 1, 'This skirt is so cute and playful. Add a basic tee or tank for a casual look, or a blouse or blazer for work. I love it!'),
(4, 78, NULL, 'Eva', 4, '2020-07-24 23:22:59', 1, 'Aside from being ridiculously comfortable, these pants are extremely versatile. I can easily dress them up or down. '),
(5, 76, NULL, 'Jaci', 5, '2020-07-26 09:23:57', 1, 'Aside from being ridiculously comfortable, these pants are extremely versatile. I can easily dress them up or down. '),
(6, 40, NULL, 'Jaci', 4, '2020-07-27 19:24:55', 1, 'I wanted to love this top. But it\'s see through in the front, in addition to the open back. So something must be worn under.'),
(7, 85, NULL, 'Talia', 5, '2020-07-29 05:25:53', 1, 'This is my favorite wake up and go dress. It requires absolutey no effort, and looks great on. Even over a bathing suit! '),
(8, 81, NULL, 'Mia', 3, '2020-07-30 15:26:51', 1, 'This is my favorite wake up and go dress. It requires absolutey no effort, and looks great on. Even over a bathing suit! '),
(9, 72, NULL, 'Eva', 5, '2020-08-01 01:27:49', 1, 'I purchased these as an essential to my summer wardrobe and they didn\'t disappoint. Perfect for throwing on over a bikini.'),
(10, 91, NULL, 'Talia', 5, '2020-08-02 11:28:47', 1, 'The details on this dress are outstanding. If I had one complaint it would be the price. But worth it based on how I feel when I wear it. '),
(11, 88, NULL, 'Jaci', 5, '2020-08-03 21:29:45', 1, 'This is a fantastic dress! My only complaint is it falls just a tad short on my 5\'10\" frame, but I\'m used to that problem!'),
(12, 85, NULL, 'Lisa', 4, '2020-08-05 07:30:43', 1, 'This is a fantastic dress! My only complaint is it falls just a tad short on my 5\'10\" frame, but I\'m used to that problem!'),
(13, 102, NULL, 'Ainsley', 4, '2020-08-06 17:31:41', 1, 'I adore this beautiful scarf. It is the perfect year-round weight. It also washes and wears very easily.  '),
(14, 101, NULL, 'Elizabeth', 4, '2020-08-08 03:32:39', 1, 'No matter when I shop this store, or what I\'m looking for, I always wind up with a scarf. They\'re just too lovely to resist!'),
(15, 98, NULL, 'Sarah', 3, '2020-08-09 13:33:37', 1, 'No matter when I shop this store, or what I\'m looking for, I always wind up with a scarf. They\'re just too lovely to resist!'),
(16, 89, NULL, 'Elizabeth', 5, '2020-08-10 23:34:35', 1, 'The built-in bra on this is perfection. It\'s so diificult to find the right support with spaghetti straps, and now it\'s a non-issue. Bravo!'),
(17, 92, NULL, 'Sarah', 5, '2020-08-12 09:35:33', 1, 'I love the lightness and softness of this fabric. It allows me to look very put together and still feel extremely comfortable. Win win!'),
(18, 52, NULL, 'Laura', 4, '2020-08-13 19:36:31', 1, 'Lovely lightweight sweater. I bought a small in the Lily and it fits true to size. A good length, not too long, not too short.'),
(19, 47, NULL, 'Marie', 4, '2020-08-15 05:37:29', 1, 'Lovely lightweight sweater. I bought a small in the Lily and it fits true to size. A good length, not too long, not too short.'),
(20, 89, NULL, 'Marie', 4, '2020-08-16 15:38:27', 1, 'This is a fantastic, versatile dress! My only complaint is it falls just a tad short on my 5\'10\" frame, but I\'m used to that problem!'),
(21, 42, NULL, 'Eva', 4, '2020-08-18 01:39:25', 1, 'This tank top is a wardrobe essential. I wear it regularly with yoga pants and can easily dress it up with accessories.'),
(22, 34, NULL, 'Laura', 5, '2020-08-19 11:40:23', 1, 'This tank top is a wardrobe essential. I wear it regularly with basic shorts and can easily dress it up with accessories.'),
(23, 68, NULL, 'Sharon', 5, '2020-08-20 21:41:21', 1, 'The quality of this skirt is exceptional. It is lined, the material is soft and fluid, and the color is fabulous. Maybe a hair too long. '),
(24, 66, NULL, 'Ainsley', 5, '2020-08-22 07:42:19', 1, 'The quality of this skirt is exceptional. It is lined, the material is soft and fluid, and the color is fabulous. Maybe a hair too long. '),
(25, 64, NULL, 'Laura', 5, '2020-08-23 17:43:17', 1, 'The quality of this skirt is exceptional. It is lined, the material is soft and fluid, and the color is fabulous. Maybe a hair too long. '),
(26, 63, NULL, 'Mia', 2, '2020-08-25 03:44:15', 1, 'The quality of this skirt is exceptional. It is lined, the material is soft and fluid, and the color is fabulous. Maybe a hair too long. '),
(27, 33, NULL, 'Grace', 3, '2020-08-26 13:45:13', 1, 'This looks fantastic under a sweater, blazer or cardigan. Pretty own its own, too. Nice fabric that can be worn year round. '),
(28, 80, NULL, 'Sharon', 3, '2020-08-27 23:46:11', 1, 'That\'s the only way I can describe these pants. They\'re like wearing sweats without people thinking you\'re wearing sweats. Win!'),
(29, 42, NULL, 'Ainsley', 3, '2020-08-29 09:47:09', 1, 'This is a happy girl! Just what I was looking for a first date. Love the fit. The small fit perfectly. True to size. HIghly recommend. '),
(30, 34, NULL, 'Jaci', 4, '2020-08-30 19:48:07', 1, 'This is a happy girl! Just what I was looking for a first date. Love the fit. The small fit perfectly. True to size. HIghly recommend. '),
(31, 66, NULL, 'Eva', 4, '2020-09-01 05:49:05', 1, 'This skirt fits like butter. The lines are so smooth, even in places where I\'m not! It is so flattering. Definitely my new favorite.'),
(32, 64, NULL, 'Jaci', 2, '2020-09-02 15:50:03', 1, 'This skirt fits like butter. The lines are so smooth, even in places where I\'m not! It is so flattering. Definitely my new favorite.'),
(33, 63, NULL, 'Grace', 3, '2020-09-04 01:51:01', 1, 'This skirt fits like butter. The lines are so smooth, even in places where I\'m not! It is so flattering. Definitely my new favorite.'),
(34, 86, NULL, 'Sharon', 4, '2020-09-05 11:51:59', 1, 'The drape on this dress is magnificent. I carry most of my weight in my middle and this style perfectly camouflages all the right spots.  '),
(35, 41, NULL, 'Marie', 3, '2020-09-06 21:52:57', 1, 'So excited about this top! I got it for a upcoming trip to the islands can\'t wait to wear it. The open back is sexy without showing too much skin.'),
(36, 40, NULL, 'Laura', 4, '2020-09-08 07:53:55', 1, 'So excited about this top! I got it for an upcoming trip and can\'t wait to wear it. The open back is sexy without showing too much skin.'),
(37, 36, NULL, 'Eva', 5, '2020-09-09 17:54:53', 1, 'So excited about this top! I got it for an upcoming trip and can\'t wait to wear it. The open lace detail is sexy without showing too much skin.'),
(38, 71, NULL, 'Elizabeth', 3, '2020-09-11 03:55:51', 1, 'These shorts are so cute! I love the scalloped edges. They\'re super feminine and still feel sophisticated as well. '),
(39, 67, NULL, 'Lisa', 4, '2020-09-12 13:56:49', 1, 'This is an interesting skirt. The cut is almost like a trumpet. Fitted through the hip and flares at the knee. It\'s fun to wear!'),
(40, 74, NULL, 'Sarah', 5, '2020-09-13 23:57:47', 1, 'These pants are funky and I love it! Completely unique and unlike anything I have in my wardrobe. Love wearing these.'),
(41, 45, NULL, 'Mia', 4, '2020-09-15 09:58:45', 1, 'I didn\'t think there was anything particularly special about this sweater until I saw the back. It\'s beautiful! So many compliments. '),
(42, 70, NULL, 'Laura', 5, '2020-09-16 19:59:43', 1, 'These shorts are simply beautiful. The detail is incredible. My biggest problem is the urge to wear them every day. '),
(43, 41, NULL, 'Elizabeth', 4, '2020-09-18 06:00:41', 1, 'Absolutely love the drape of this top. The fabric is not see through either, which lets me really show off the low back.'),
(44, 88, NULL, 'Laura', 4, '2020-09-19 16:01:39', 1, 'The print is gorgeous as is the styling. But I usually wear a size 8 and it was tight on the waist. The size 10 fits like an 8.'),
(45, 54, NULL, 'Eva', 3, '2020-09-21 02:02:37', 1, 'I love the weight and feel of this sweater. Nice for layering. Fantastic colors for spring. I couldn\'t decide so bought two!'),
(46, 50, NULL, 'Sarah', 3, '2020-09-22 12:03:35', 1, 'I love the weight and feel of this sweater. Nice for layering. Fantastic colors for spring. I couldn\'t decide so bought two!'),
(47, 49, NULL, 'Lisa', 5, '2020-09-23 22:04:33', 1, 'I love the weight and feel of this sweater. Nice for layering. Fantastic colors for spring. I couldn\'t decide so bought two!'),
(48, 68, NULL, 'Sarah', 4, '2020-09-25 08:05:31', 1, 'I love the long waistband and fullness of this skirt. It\'s perfect for those days when you\'re feeling a bit bloated. Camouflages my belly.'),
(49, 80, NULL, 'Sarah', 3, '2020-09-26 18:06:29', 1, 'Love the fit of these! After having them for a while, I would say hang to dry is likely best to maintain color and crispness of pants.'),
(50, 73, NULL, 'Lisa', 3, '2020-09-28 04:07:27', 1, 'Love the fit of these! After having them for a while, I would say hang to dry is likely best to maintain color and crispness of pants.'),
(51, 90, NULL, 'Eva', 3, '2020-09-29 14:08:25', 1, 'I always love this style dress. Offers a great length and super flattering in all the right places. It\'s my new favorite!'),
(52, 62, NULL, 'Sharon', 3, '2020-10-01 00:09:23', 1, 'This skirt has kind of a \"peekaboo\" feature where the internal slip is much shorter than the skirt. Fun to wear and work appropriate. '),
(53, 53, NULL, 'Elizabeth', 5, '2020-10-02 10:10:21', 1, 'This is an excellent staple for casual or work. The Peach is beautiful, the cut is classic, and the sleeve is long enough. Quality piece!'),
(54, 50, NULL, 'Sharon', 4, '2020-10-03 20:11:19', 1, 'This is an excellent staple for casual or work. The Latte is beautiful, the cut is classic, and the sleeve is long enough. Quality piece!'),
(55, 48, NULL, 'Ainsley', 4, '2020-10-05 06:12:17', 1, 'This is an excellent staple for casual or work. The Rain is beautiful, the cut is classic, and the sleeve is long enough. Quality piece!'),
(56, 70, NULL, 'Jaci', 3, '2020-10-06 16:13:15', 1, 'The layering on these shorts is beautiful, but also very delicate. I would definitely recommend hand washing and hang dry. '),
(57, 92, NULL, 'Sharon', 5, '2020-10-08 02:14:13', 1, 'I always love this style dress. Offers a great length and super flattering in all the right places. It\'s my new favorite!'),
(58, 44, NULL, 'Sarah', 5, '2020-10-09 12:15:11', 1, 'Absolutely fell in love with this blouse. It\'s elegant and feels very comfortable. I bought the Large and fits perfectly. Highly recommend.'),
(59, 55, NULL, 'Lisa', 5, '2020-10-10 22:16:09', 1, 'There were several things off on this sweater. The length hit in an awkward spot on my hip, and the arm length was off. '),
(60, 45, NULL, 'Grace', 3, '2020-10-12 08:17:07', 1, 'There were several things off on this sweater. The length hit in an awkward spot on my hip, and the shoulders seemed too large. '),
(61, 84, NULL, 'Eva', 4, '2020-10-13 18:18:05', 1, 'This is a fantastic dress! My only complaint is it falls just a tad short on my 5\'10\" frame, but I\'m used to that problem!'),
(62, 69, NULL, 'Grace', 4, '2020-10-15 04:19:03', 1, 'I just bought these shorts and love them. They\'re an upgrade from your everyday shorts. Good amount of stretch when you sit.'),
(63, 83, NULL, 'Elizabeth', 5, '2020-10-16 14:20:01', 1, 'I agree with other reviewers that this is not what I would qualify as a \"dress\". That said, I love it and layer appropriately. '),
(64, 79, NULL, 'Lisa', 4, '2020-10-18 00:20:59', 1, 'I love that I can go out looking super cute and yet feel like I\'m in my pajamas. Seriously the most comfortable pants!'),
(65, 78, NULL, 'Ainsley', 4, '2020-10-19 10:21:57', 1, 'I love that I can go out looking super cute and yet feel like I\'m in my pajamas. Seriously the most comfortable pants!'),
(66, 76, NULL, 'Laura', 4, '2020-10-20 20:22:55', 1, 'I love that I can go out looking super cute and yet feel like I\'m in my pajamas. Seriously the most comfortable pants!'),
(67, 74, NULL, 'Sharon', 3, '2020-10-22 06:23:53', 1, 'I love that I can go out looking super cute and yet feel like I\'m in my pajamas. Seriously the most comfortable pants!'),
(68, 67, NULL, 'Talia', 5, '2020-10-23 16:24:51', 1, 'Such an unflattering fit. If you are tall and skinny, may not be an issue but it wasn\'t a figure flattering look. Sadly, returned it.'),
(69, 59, NULL, 'Elizabeth', 3, '2020-10-25 02:25:49', 1, 'Such an unflattering fit. If you are tall and skinny, may not be an issue but it wasn\'t a figure flattering look. Sadly, returned it.'),
(70, 97, NULL, 'Talia', 3, '2020-10-26 12:26:47', 1, 'I love this scarf and look forward to having it as a long time staple. Unfortunately it isn\'t wash and wear so its longevity is TBD.'),
(71, 60, NULL, 'Eva', 4, '2020-10-27 22:27:45', 1, 'This skirt is not flattering at all. Falls weird over the hip and makes me look much wider than I am. Will be returning.'),
(72, 82, NULL, 'Jaci', 4, '2020-10-29 08:28:43', 1, 'This dress is just not for me. I think maybe I\'m just a little too curvy. The pleats do not flatter at all! Disappointed as I loved it online. '),
(73, 100, NULL, 'Laura', 3, '2020-10-30 18:29:41', 1, 'This scarf is very pretty and I\'ve received lots of compliments. But I would say it\'s more decorative and less warm. '),
(74, 102, NULL, 'Eva', 3, '2020-11-01 04:30:39', 1, 'This scarf is actually nicer in person than the pictures online show. It\'s so soft and easily works with just about every outfit. '),
(75, 99, NULL, 'Grace', 5, '2020-11-02 14:31:37', 1, 'This scarf is actually nicer in person than the pictures online show. It\'s so soft and easily works with just about every outfit. '),
(76, 91, NULL, 'Lisa', 4, '2020-11-04 00:32:35', 1, 'This dress has the perfect amount of twirl to it. It feels like it was made for dancing so can\'t wait to take it for a test drive!'),
(77, 87, NULL, 'Grace', 3, '2020-11-05 10:33:33', 1, 'This dress has the perfect profile for my petite figure. While I\'m only 5\'3\", I do have some problem areas, and this fits beautifully. '),
(78, 86, NULL, 'Sarah', 4, '2020-11-06 20:34:31', 1, 'This dress has the perfect profile for my petite figure. While I\'m only 5\'3\", I do have some problem areas, and this fits beautifully. '),
(79, 39, NULL, 'Mia', 3, '2020-11-08 06:35:29', 1, 'This blouse is perfect for spring. I wasn\'t sure how I felt about the lace detail at first, but I think it adds some interesting texture.'),
(80, 37, NULL, 'Lisa', 3, '2020-11-09 16:36:27', 1, 'This blouse is perfect for spring. I wasn\'t sure how I felt about the placement of the front pocket detail at first, but now I really like it.'),
(81, 51, NULL, 'Mia', 3, '2020-11-11 02:37:25', 1, 'I travel for work and am always looking for easy layers for cold plane rides. The hood is a nice bonus when I want to grab a nap!'),
(82, 59, NULL, 'Marie', 4, '2020-11-12 12:38:23', 1, 'This is such a great purchase and a must have for any working professional. I love the look, the feel, and the length of the skirt.'),
(83, 58, NULL, 'Laura', 4, '2020-11-13 22:39:21', 1, 'This is such a great purchase and a must have for any working professional. I love the look, the feel, and the length of the skirt.'),
(84, 77, NULL, 'Elizabeth', 4, '2020-11-15 08:40:19', 1, 'These pants have just wide enough of a leg for a cute pair of wedges. They were a little long, so I needed the height anyway!'),
(85, 75, NULL, 'Grace', 5, '2020-11-16 18:41:17', 1, 'These pants have just wide enough of a leg for a cute pair of wedges. They were a little long, so I needed the height anyway!'),
(86, 62, NULL, 'Sarah', 5, '2020-11-18 04:42:15', 1, 'I missed the length of the inside slip when I viewed this skirt online. It hits above the knee while the skirt is ankle length. Weird. '),
(87, 73, NULL, 'Talia', 5, '2020-11-19 14:43:13', 1, 'Lightweight and fit well. Multi-season. Although I would say not quite true to size and perhaps some vanity sizing.'),
(88, 93, NULL, 'Mia', 3, '2020-11-21 00:44:11', 1, 'I with I could keep this belt but it\'s far too large for me. I got the XS which usually works for me in other Venia belts.'),
(89, 38, NULL, 'Sarah', 4, '2020-11-22 10:45:09', 1, 'I am typically a M in this brand, and it was swimming on me. But I love it so returning and getting a S.'),
(90, 35, NULL, 'Elizabeth', 4, '2020-11-23 20:46:07', 1, 'I am typically a M in this brand, and it was swimming on me. But I love it so returning and getting a S.'),
(91, 65, NULL, 'Marie', 4, '2020-11-25 06:47:05', 1, 'I loved the pattern and style of the skirt, but it was not straight cut as it appeared on the model. It was cut for someone much curvier.'),
(92, 36, NULL, 'Ainsley', 3, '2020-11-26 16:48:03', 1, 'This is a happy girl! Just what I was looking for a first date. Sexy and love the fit. The small fit perfectly. True to size. '),
(93, 49, NULL, 'Talia', 5, '2020-11-28 02:49:01', 1, 'I bought this beautifully made sweater and am thrilled at the fit, the softness of the fabric, and the beautiful Lilac color.'),
(94, 47, NULL, 'Elizabeth', 4, '2020-11-29 12:49:59', 1, 'I bought this beautifully made sweater and am thrilled at the fit, the softness of the fabric, and the beautiful Mint color.'),
(95, 71, NULL, 'Marie', 5, '2020-11-30 22:50:57', 1, 'I wear a lot of skirts and it can get boring. I love these shorts because I can dress them up with a cami and blazer.'),
(96, 69, NULL, 'Mia', 3, '2020-12-02 08:51:55', 1, 'I wear a lot of skirts and it can get boring. I love these shorts because I can dress them up with a cami and blazer.'),
(97, 61, NULL, 'Talia', 4, '2020-12-03 18:52:53', 1, 'Love it! Fabric is gorgeous, beautifully handled, fit is sleek, unusual elegant look. Does not add weight to my pear shape.'),
(98, 57, NULL, 'Mia', 2, '2020-12-05 04:53:51', 1, 'Love it! Fabric is gorgeous, beautifully handled, fit is sleek, unusual elegant look. Does not add weight to my pear shape.'),
(99, 55, NULL, 'Talia', 5, '2020-12-06 14:54:49', 1, 'This sweater has great detail but every time I wear it I wind up caught on something. The open weave is not optimal.'),
(100, 52, NULL, 'Jaci', 5, '2020-12-08 00:55:47', 1, 'I love this sweater for layering on vacation. It is the perfect weight and super comfy. I wear it even when I want to feel close to the beach!'),
(101, 79, NULL, 'Talia', 4, '2020-12-09 10:56:45', 1, 'These are the perfect alternative to sweatpants without losing any of the comfort. I look like I put in so much effort. Shhhh, don\'t tell! '),
(102, 75, NULL, 'Mia', 3, '2020-12-10 20:57:43', 1, 'These are the perfect alternative to sweatpants without losing any of the comfort. I look like I put in so much effort. Shhhh, don\'t tell! '),
(103, 35, NULL, 'Marie', 5, '2020-12-12 06:58:41', 1, 'This is the perfect top for when I want to look cute but don\'t want to put in the effort! It has an easy fit that hangs really well. '),
(104, 56, NULL, 'Sarah', 4, '2020-12-13 16:59:39', 1, 'I wanted a cozy cardigan and found this one. I absolutely love it! The side pockets are a bonus, and the length is perfect.'),
(105, 53, NULL, 'Marie', 3, '2020-12-15 03:00:37', 1, 'I wanted a cozy cardigan and found this one. I absolutely love it! The side pockets are a bonus, and the length is perfect.'),
(106, 51, NULL, 'Grace', 4, '2020-12-16 13:01:35', 1, 'I wanted a cozy cardigan and found this one. I absolutely love it! The hood is a bonus, and the length is perfect.'),
(107, 48, NULL, 'Eva', 5, '2020-12-17 23:02:33', 1, 'I wanted a cozy cardigan and found this one. I absolutely love it! The side pockets are a bonus, and the length is perfect.'),
(108, 84, NULL, 'Ainsley', 4, '2020-12-19 09:03:31', 1, 'Love a good t-shirt dress, and this is no exception. Super soft material and washes and wears well. I\'m 5\'6\" and the length was perfect. '),
(109, 101, NULL, 'Marie', 5, '2020-12-20 19:04:29', 1, 'This scarf came with instructions on how to wear many different ways which is perfect for someone like me. '),
(110, 100, NULL, 'Jaci', 5, '2020-12-22 05:05:27', 1, 'This scarf came with instructions on how to wear many different ways which is perfect for someone like me. '),
(111, 99, NULL, 'Mia', 4, '2020-12-23 15:06:25', 1, 'This scarf came with instructions on how to wear many different ways which is perfect for someone like me. '),
(112, 98, NULL, 'Sharon', 3, '2020-12-25 01:07:23', 1, 'This scarf came with instructions on how to wear many different ways which is perfect for someone like me. '),
(113, 97, NULL, 'Lisa', 3, '2020-12-26 11:08:21', 1, 'This scarf came with instructions on how to wear many different ways which is perfect for someone like me. '),
(114, 90, NULL, 'Ainsley', 5, '2020-12-27 21:09:19', 1, 'It fits true to size and the fabric lays nicely (not clingy). This dress is extremely lightweight and makes me feel amazing. '),
(115, 87, NULL, 'Mia', 4, '2020-12-29 07:10:17', 1, 'It fits true to size and the fabric lays nicely (not clingy). This dress is extremely lightweight and makes me feel amazing. '),
(116, 82, NULL, 'Laura', 3, '2020-12-30 17:11:15', 1, 'It fits true to size and the fabric lays nicely (not clingy). This dress is extremely lightweight and makes me feel amazing. '),
(117, 33, NULL, 'Mia', 3, '2021-01-01 03:12:13', 1, 'I thought I\'d like this top as a layering piece, but I think that it\'s just too basic for me. Fabric is too much like a t-shirt.'),
(118, 83, NULL, 'Marie', 5, '2021-01-02 13:13:11', 1, 'While I adore the style and detail of this dress, it cannot be worn on its own. Too short and material is see through. '),
(119, 72, NULL, 'Ainsley', 4, '2021-01-03 23:14:09', 1, 'These were too short for my frame. I agree with one of the other reviewers that these would be best as a beach cover up. '),
(120, 61, NULL, 'Lisa', 3, '2021-01-05 09:15:07', 1, 'I love this skirt because I can dress it down with a tee or cami, or dress it up with a blazer. It might be a smidge too short for work though. '),
(121, 60, NULL, 'Ainsley', 4, '2021-01-06 19:16:05', 1, 'I\'ve never seen a skirt quite like this one before. It\'s kinda funky but I like it. The leg openings definitely help with walking. '),
(122, 43, NULL, 'Lisa', 3, '2021-01-08 05:17:03', 1, 'This looks fantastic under a sweater, blazer or cardigan. Pretty own its own, too. Nice fabric that can be worn year round. '),
(123, 39, NULL, 'Grace', 3, '2021-01-09 15:18:01', 1, 'This looks fantastic under a sweater, blazer or cardigan. Pretty own its own, too. Nice fabric that can be worn year round. '),
(124, 38, NULL, 'Sharon', 5, '2021-01-11 01:18:59', 1, 'This looks fantastic under a sweater, blazer or cardigan. Pretty own its own, too. Nice fabric that can be worn year round. '),
(125, 81, NULL, 'Grace', 3, '2021-01-12 11:19:57', 1, 'I love that it only takes a belt to completely transform this dress. I\'ve even used a scarf as a belt for a nice boho touch.'),
(126, 77, NULL, 'Marie', 4, '2021-01-13 21:20:55', 1, 'The waistband ruins these pants. It folds down, and unless your stomach is completely flat, it\'s going to roll and bunch. '),
(127, 65, NULL, 'Elizabeth', 3, '2021-01-15 07:21:53', 1, 'The waistband ruins this skirt. It folds down, and unless your stomach is completely flat, it\'s going to roll and bunch. '),
(128, 56, NULL, 'Sharon', 5, '2021-01-16 17:22:51', 1, 'The perfect throw on and chill sweater. Soft material. Loose, comfy fit. And great length for over leggings. '),
(129, 54, NULL, 'Ainsley', 5, '2021-01-18 03:23:49', 1, 'The perfect throw on and chill sweater. Soft material. Arm stops at the elbow. And great length for over leggings. '),
(130, 44, NULL, 'Sharon', 5, '2021-01-19 13:24:47', 1, 'This top is gorgeously designed and super feminine. But, it is very lightweight and see-through. Requires a cami or additional layer. '),
(131, 43, NULL, 'Talia', 4, '2021-01-20 23:25:45', 1, 'This top is gorgeously designed and super feminine. But, it is very lightweight and see-through. Requires a cami or additional layer. '),
(132, 37, NULL, 'Talia', 4, '2021-01-22 09:26:43', 1, 'This top is gorgeously designed and super feminine. But, it is very lightweight and see-through. Requires a cami or additional layer. ');

INSERT INTO `specials` (`specials_id`, `products_id`, `specials_new_products_price`, `specials_date_added`, `expires_date`, `date_status_change`, `status`) VALUES
(1, 6, '78.0000', now(), '2022-08-27 00:00:00', NULL, 1),
(2, 12, '78.0000', now(), '2022-08-27 00:00:00', NULL, 1),
(3, 33, '46.0000', now(), '2022-08-27 00:00:00', NULL, 1),
(4, 37, '78.0000', now(), '2022-08-27 00:00:00', NULL, 1),
(5, 50, '94.0000', now(), '2022-08-27 00:00:00', NULL, 1),
(6, 59, '86.0000', now(), '2022-08-27 00:00:00', NULL, 1),
(7, 60, '69.0000', now(), '2022-08-27 00:00:00', NULL, 1),
(8, 74, '71.0000', now(), '2022-08-27 00:00:00', NULL, 1),
(9, 78, '70.0000', now(), '2022-08-27 00:00:00', NULL, 1),
(10, 81, '86.0000', now(), '2022-08-27 00:00:00', NULL, 1),
(11, 88, '70.0000', now(), '2022-08-27 00:00:00', NULL, 1),
(12, 93, '38.0000', now(), '2022-08-27 00:00:00', NULL, 1),
(13, 102, '38.0000', now(), '2022-08-27 00:00:00', NULL, 1),
(14, 75, '78.4000', now(), NULL, NULL, 1),
(15, 91, '86.4000', now(), NULL, NULL, 1),
(16, 61, '78.4000', now(), NULL, NULL, 1);
